url,norm,title,added,folders,primary_page,candidate,related_pages,type,rule
https://www.naturvardsverket.se/vagledning-och-stod/samhallsplanering/samrad-vid-andring-av-naturmiljon/,naturvardsverket.se/vagledning-och-stod/samhallsplanering/samrad-vid-andring-av-naturmiljon,Samråd vid ändring av naturmiljön,2022-10-20,Bookmarks bar/Helios/01 Legal,Permitting_and_Environmental_Assessment,,Solar_Park_Development,regulation,content:naturvardsverket\.se|e-tjanster\.l
https://www.energimyndigheten.se/fornybart/solelportalen/lar-dig-mer-om-solceller/solcellsparker/,energimyndigheten.se/fornybart/solelportalen/lar-dig-mer-om-solceller/solcellsparker,Solcellsparker,2022-10-20,Bookmarks bar/Helios/01 Legal,Permitting_and_Environmental_Assessment,,Solar_Park_Development,regulation,content:naturvardsverket\.se|e-tjanster\.l
https://www.e-tjanster.lansstyrelsen.se/formservice/formDownload?serviceName=lst_cfd_multiserv_formhotell_tr&scriptcomponent.cmtagname=trex-lst-samrad_ovrigt-cfd&service_name=samrad_ovrigt&skip.login=yes,e-tjanster.lansstyrelsen.se/formservice/formdownload?servicename=lst_cfd_multiserv_formhotell_tr&scriptcomponent.cmtagname=trex-lst-samrad_ovrigt-cfd&service_name=samrad_ovrigt&skip.login=yes,Anmälan för samråd enligt 12 kap 6 § miljöbalken för övriga verksamheter,2022-10-20,Bookmarks bar/Helios/01 Legal,Permitting_and_Environmental_Assessment,,Solar_Park_Development,regulation,content:naturvardsverket\.se|e-tjanster\.l
https://thedronelifenj.com/drone-solar-inspection-software/,thedronelifenj.com/drone-solar-inspection-software,The Best Drone Solar Inspection Software For 2023 | The Drone Life,2023-04-28,Bookmarks bar/Helios/02 Drone,Drones_and_Photogrammetry,,Remote_Sensing,tool,content:opendronemap|webodm|pyodm|pix4d|me
http://scopito.com/solar-pv-inspection-software/#pricing,scopito.com/solar-pv-inspection-software,The solar inspection software of your dreams • Scopito,2023-04-28,Bookmarks bar/Helios/02 Drone,Drones_and_Photogrammetry,,Remote_Sensing,tool,content:opendronemap|webodm|pyodm|pix4d|me
https://raptormaps.com/raptor-solar-software/,raptormaps.com/raptor-solar-software,Raptor Solar - Raptor Maps,2023-04-28,Bookmarks bar/Helios/02 Drone,Drones_and_Photogrammetry,,Remote_Sensing,tool,content:opendronemap|webodm|pyodm|pix4d|me
https://pyodm.readthedocs.io/en/latest/,pyodm.readthedocs.io/en/latest,Welcome to PyODM’s documentation! — PyODM documentation,2022-10-18,Bookmarks bar/Helios/02 Drone,Drones_and_Photogrammetry,,Remote_Sensing,tool,content:opendronemap|webodm|pyodm|pix4d|me
https://community.opendronemap.org/t/comparison-same-dataset-webodm-vs-agisoft-metashape/5280,community.opendronemap.org/t/comparison-same-dataset-webodm-vs-agisoft-metashape/5280,"Comparison: Same dataset, WebODM vs Agisoft Metashape - WebODM - OpenDroneMap Community",2022-09-14,Bookmarks bar/Helios/02 Drone,Drones_and_Photogrammetry,,Remote_Sensing,tool,content:opendronemap|webodm|pyodm|pix4d|me
https://www.pix4d.com/product/pix4dmapper-photogrammetry-software,pix4d.com/product/pix4dmapper-photogrammetry-software,PIX4Dmapper: Professional photogrammetry software for drone mapping | Pix4D,2022-09-14,Bookmarks bar/Helios/02 Drone,Drones_and_Photogrammetry,,Remote_Sensing,tool,content:opendronemap|webodm|pyodm|pix4d|me
https://webodm.net/pricing,webodm.net/pricing,Pricing | WebODM,2022-09-19,Bookmarks bar/Helios/02 Drone,Drones_and_Photogrammetry,,Remote_Sensing,tool,content:opendronemap|webodm|pyodm|pix4d|me
https://www.dronedeploy.com/solutions/agriculture/,dronedeploy.com/solutions/agriculture,Agriculture Drone | Drone for Farming | Agriculture Software | DroneDeploy,2022-09-14,Bookmarks bar/Helios/02 Drone,Drones_and_Photogrammetry,,Remote_Sensing,tool,content:opendronemap|webodm|pyodm|pix4d|me
https://www.mapsmadeeasy.com/pricing,mapsmadeeasy.com/pricing,Maps Made Easy - Pricing,2022-09-14,Bookmarks bar/Helios/02 Drone,Drones_and_Photogrammetry,,Remote_Sensing,tool,content:opendronemap|webodm|pyodm|pix4d|me
https://github.com/OpenDroneMap/WebODM,github.com/opendronemap/webodm,"GitHub - OpenDroneMap/WebODM: User-friendly, commercial-grade software for processing aerial imagery. 🛩",2022-09-14,Bookmarks bar/Helios/02 Drone,Drones_and_Photogrammetry,,Remote_Sensing,tool,content:opendronemap|webodm|pyodm|pix4d|me
https://docs.opendronemap.org/outputs/,docs.opendronemap.org/outputs,OpenDroneMap Outputs — OpenDroneMap 2.9.1 documentation,2022-10-04,Bookmarks bar/Helios/02 Drone,Drones_and_Photogrammetry,,Remote_Sensing,tool,content:opendronemap|webodm|pyodm|pix4d|me
https://transportstyrelsen.se/dronarkort-och-utbildning/,transportstyrelsen.se/dronarkort-och-utbildning,Utbildning för fjärrpiloter - Transportstyrelsen,2022-10-13,Bookmarks bar/Helios/02 Drone,Drones_and_Photogrammetry,,Remote_Sensing,tool,content:opendronemap|webodm|pyodm|pix4d|me
https://qgis.org/pyqgis/master/index.html,qgis.org/pyqgis/master,Welcome to the QGIS Python API documentation project,2022-10-19,Bookmarks bar/Helios/02 Drone | Bookmarks bar/QGIS,PyQGIS_and_GIS_Automation,,QGIS;Geospatial_Python,tutorial,content:pyqgis|qgis_process|qgis-actions|q
https://www.youtube.com/watch?v=O--J8JrAB7M,youtube.com/watch?v=o--j8jrab7m,TUTORIAL Agisoft Metashape - orthophoto and DSM generation (with GCPs) - YouTube,2022-12-12,Bookmarks bar/Helios/02 Drone,Drones_and_Photogrammetry,,Remote_Sensing,video,content:opendronemap|webodm|pyodm|pix4d|me
https://www.dlubal.com/en/load-zones-for-snow-wind-earthquake/wind-bfs-201310-eks-9.html,"dlubal.com/en/load-zones-for-snow-wind-earthquake/wind-bfs-201310-eks-9.html?¢er=61.47721130429398,19.282779218562535&zoom=5&marker=60.01723876310174,16.382388593562535",Basic wind velocity of Sweden according to Eurocode,2022-08-22,Bookmarks bar/Helios/08 Safety design,Site_Layout_and_Civil_Design,,Permitting_and_Environmental_Assessment,reference,content:dlubal\.com|load-zones
https://stormwater.pca.state.mn.us/index.php/Stormwater_management_for_solar_projects_and_determining_compliance_with_the_NPDES_construction_stormwater_permit,stormwater.pca.state.mn.us/index.php/stormwater_management_for_solar_projects_and_determining_compliance_with_the_npdes_construction_stormwater_permit,Stormwater management for solar projects and determining compliance with the NPDES construction stormwater permit - Minnesota Stormwater Manual,2023-04-24,Bookmarks bar/Helios/08 Safety design,Permitting_and_Environmental_Assessment,,Site_Layout_and_Civil_Design,reference,content:stormwater\.pca\.state\.mn\.us
https://www.forgesolar.com/help/,forgesolar.com/help,Glare and Reflection,2022-12-07,Bookmarks bar/Helios/08 Safety design,Permitting_and_Environmental_Assessment,,Site_Layout_and_Civil_Design,tool,content:forgesolar
https://www.norgeskart.no/,norgeskart.no/#!?project=norgeskart&layers=1002&zoom=3&lat=7197864.00&lon=396722.00,Norgeskart,2022-11-16,Bookmarks bar/Helios/09 Norways HMS,Geodata_Portals_Nordic,,Geospatial,portal,content:lantmateriet|minkarta|geotorget|we
https://hoydedata.no/LaserInnsyn2/,hoydedata.no/laserinnsyn2,Høydedata,2023-03-28,Bookmarks bar/Helios/09 Norways HMS,Geodata_Portals_Nordic,,QGIS,portal,manual:national laser data portal
https://www.kulturminnesok.no/kart/,"kulturminnesok.no/kart/?q=&am-county=&lokenk=location&am-lok=&am-lokdating=&am-lokconservation=&am-enk=&am-enkdating=&am-enkconservation=&bm-county=&cp=1&bounds=60.21103028331885,10.325624942779541,60.201669187277524,10.356953144073486&zoom=16&id=",Kart - Kulturminnesøk,2023-05-16,Bookmarks bar/Helios/09 Norways HMS,Geodata_Portals_Nordic,,Geospatial,portal,content:lantmateriet|minkarta|geotorget|we
https://atlas.nve.no/Geocortex/Essentials/REST/sites/Atlas3/map/mapservices,atlas.nve.no/geocortex/essentials/rest/sites/atlas3/map/mapservices,Geocortex Essentials Sites Directory,2026-04-17,Bookmarks bar/Helios/09 Norways HMS,Geodata_Portals_Nordic,,Geospatial,portal,content:lantmateriet|minkarta|geotorget|we
https://www.maanmittauslaitos.fi/en/e-services/mapsite,maanmittauslaitos.fi/en/e-services/mapsite,MapSite | National Land Survey of Finland,2023-09-19,Bookmarks bar/Helios/10 Finland Helios,Geodata_Portals_Nordic,,Geospatial,portal,content:lantmateriet|minkarta|geotorget|we
https://kartat.kapsi.fi/,kartat.kapsi.fi,Download of open map materials of the Land Surveying Institute,2024-09-03,Bookmarks bar/Helios/10 Finland Helios,Geodata_Portals_Nordic,,Geospatial,portal,content:lantmateriet|minkarta|geotorget|we
https://data.fingrid.fi/en/instructions,data.fingrid.fi/en/instructions,API instructions,2024-09-13,Bookmarks bar/Helios/10 Finland Helios,Energy_Market_and_Grid_Data,,Power_Systems_and_Grid_Integration,api,content:data\.fingrid\.fi
https://karttapalaute.fingrid.fi/?setlanguage=sv,karttapalaute.fingrid.fi/?setlanguage=sv,SpatialWeb,2024-09-13,Bookmarks bar/Helios/10 Finland Helios,Power_Systems_and_Grid_Integration,,Energy_Market_and_Grid_Data,tool,content:mimer\.svk|fingrid\.fi/en/grid|kar
https://www.fingrid.fi/en/grid/grid-connection-agreement-phases/grid-scope/,fingrid.fi/en/grid/grid-connection-agreement-phases/grid-scope,Examine grid connections on a map - Fingrid,2024-10-11,Bookmarks bar/Helios/10 Finland Helios,Power_Systems_and_Grid_Integration,,Energy_Market_and_Grid_Data,tool,content:mimer\.svk|fingrid\.fi/en/grid|kar
https://www.maanmittauslaitos.fi/en/rajapinnat/api-avaimen-ohje,maanmittauslaitos.fi/en/rajapinnat/api-avaimen-ohje,Instructions for using the API key | National Land Survey of Finland,2024-09-05,Bookmarks bar/Helios/10 Finland Helios,Geodata_Portals_Nordic,,Geospatial,portal,content:lantmateriet|minkarta|geotorget|we
https://beta-karttakuva.maanmittauslaitos.fi/index.html,beta-karttakuva.maanmittauslaitos.fi,Beta Karttakuva Vector Tiles and Demos,2024-09-05,Bookmarks bar/Helios/10 Finland Helios,Geodata_Portals_Nordic,,Geospatial,portal,content:lantmateriet|minkarta|geotorget|we
https://en.ilmatieteenlaitos.fi/download-observations,en.ilmatieteenlaitos.fi/download-observations,Download observations - Finnish Meteorological Institute,2024-09-03,Bookmarks bar/Helios/10 Finland Helios,Solar_and_Weather_Data,,Solar_Radiation_Modelling,api,content:strang|smhi\.se|opendata\.smhi|sky
https://kartta.paikkatietoikkuna.fi/?lang=sv,kartta.paikkatietoikkuna.fi/?lang=sv,Paikkatietoikkuna,2023-12-15,Bookmarks bar/Helios/10 Finland Helios,Geodata_Portals_Nordic,,Geospatial,portal,content:lantmateriet|minkarta|geotorget|we
https://asiointi.maanmittauslaitos.fi/karttapaikka/?lang=en,asiointi.maanmittauslaitos.fi/karttapaikka/?lang=en,MapSite - National Land Survey of Finland,2023-09-19,Bookmarks bar/Helios/10 Finland Helios,Geodata_Portals_Nordic,,Geospatial,portal,content:lantmateriet|minkarta|geotorget|we
https://www.smhi.se/klimat/framtidens-klimat/skyfallsstatistik-regional-statistik-for-extrema-korttidsregn,smhi.se/klimat/framtidens-klimat/skyfallsstatistik-regional-statistik-for-extrema-korttidsregn,Skyfallsstatistik: Regional statistik för extrema korttidsregn — SMHI,2025-06-24,Bookmarks bar/Helios,Solar_and_Weather_Data,,Solar_Radiation_Modelling,api,content:strang|smhi\.se|opendata\.smhi|sky
https://scorecard.pvel.com/top-performers/,scorecard.pvel.com/top-performers,Top Performers | 2024 Kiwa PVEL PV Module Reliability Scorecard,2025-04-29,Bookmarks bar/Helios,PV_System_Performance,,PV_Modelling_Tools,tool,content:rdtools|pvanalytics|pvcaptest|sola
https://power.larc.nasa.gov/data-access-viewer/,power.larc.nasa.gov/data-access-viewer,POWER | DAV,2024-12-11,Bookmarks bar/Helios,Solar_and_Weather_Data,,Solar_Radiation_Modelling,api,content:strang|smhi\.se|opendata\.smhi|sky
https://app.electricitymap.org/zone/ES,app.electricitymap.org/zone/es,electricityMap | Live CO₂ emissions of electricity consumption,2022-01-26,Bookmarks bar/Helios,Energy_Transition_and_Scenarios,,Electricity_Markets_and_Prices,portal,content:energy-charts|electricitymap|scena
https://www.engineeringdirector.com/iso9223-c1-x,engineeringdirector.com/iso9223-c1-x,ISO 9223 C1-CX,2024-01-26,Bookmarks bar/Helios,Site_Layout_and_Civil_Design,,PV_Degradation_and_Reliability,reference,content:iso9223|iso 9223
https://gis-slu.maps.arcgis.com/apps/StorytellingSwipe/index.html?appid=e55d28b98d2241e0a6c91ae42073b52f,gis-slu.maps.arcgis.com/apps/storytellingswipe/index.html?appid=e55d28b98d2241e0a6c91ae42073b52f,FAO-magnifier - Clay content - Digital soil map of Sweden,2022-11-22,Bookmarks bar/Helios,Geodata_Portals_Nordic,,Geospatial,portal,content:lantmateriet|minkarta|geotorget|we
https://app.diagrams.net/,app.diagrams.net,Diagrams.net,2022-03-17,Bookmarks bar/Helios,Reporting_and_Publishing,,Python,tool,content:pylatex|weasyprint|jupyterbook|jup
https://minkarta.lantmateriet.se/,minkarta.lantmateriet.se,Min Karta,2022-09-02,Bookmarks bar/Helios,Geodata_Portals_Nordic,,Geospatial,portal,content:lantmateriet|minkarta|geotorget|we
https://gis.lansstyrelsen.se/webbgis/regionala-webbgis/,gis.lansstyrelsen.se/webbgis/regionala-webbgis,Regionala WebbGIS - GIS,2022-10-03,Bookmarks bar/Helios,Geodata_Portals_Nordic,,Geospatial,portal,content:lantmateriet|minkarta|geotorget|we
https://www.lansstyrelsen.se/,lansstyrelsen.se,Länsstyrelsen,2022-09-13,Bookmarks bar/Helios,Geodata_Portals_Nordic,,Geospatial,portal,content:lantmateriet|minkarta|geotorget|we
https://epsg.io/,epsg.io,EPSG.io: Coordinate Systems Worldwide,2023-11-03,Bookmarks bar/Helios,Geodata_Portals_Nordic,,Geospatial,portal,content:lantmateriet|minkarta|geotorget|we
https://ext-geoportal.lansstyrelsen.se/standard/,ext-geoportal.lansstyrelsen.se/standard,Länsstyrelsernas Webbgis,2022-09-30,Bookmarks bar/Helios,Geodata_Portals_Nordic,,Geospatial,portal,content:lantmateriet|minkarta|geotorget|we
https://era-explorer.climate.copernicus.eu/,era-explorer.climate.copernicus.eu/?lat=50.86&lng=4.35&plot=0,ERA Explorer,2025-06-08,Bookmarks bar/Helios,Solar_and_Weather_Data,,Solar_Radiation_Modelling,api,content:strang|smhi\.se|opendata\.smhi|sky
https://viewer.webservice-energy.org/incer-acv/app/,viewer.webservice-energy.org/incer-acv/app,INCER ACV - Impacts environnementaux de la filière photovoltaïque & évaluation des incertitudes,2023-09-08,Bookmarks bar/Helios,PV_Economics_and_LCA,,PV_Modelling_Tools,tool,content:numpy-financial|incer-acv|modeling
https://cesium.com/,cesium.com,Cesium: The Platform for 3D Geospatial,2022-10-04,Bookmarks bar/Helios,3D_Geovisualization,,QGIS,tutorial,content:blender|cesium|qgis2threejs|unreal
https://scenarioviewer.nrel.gov/?mode=browse,scenarioviewer.nrel.gov/?mode=browse,Scenario Viewer,2024-09-27,Bookmarks bar/Helios,Energy_Transition_and_Scenarios,,Electricity_Markets_and_Prices,portal,content:energy-charts|electricitymap|scena
https://kartor.skogsstyrelsen.se/kartor/,kartor.skogsstyrelsen.se/kartor,Skogens Kartor,2022-10-20,Bookmarks bar/Helios,Geodata_Portals_Nordic,,Geospatial,portal,content:lantmateriet|minkarta|geotorget|we
https://mimer.svk.se/ProductionConsumption/ProductionIndex,mimer.svk.se/productionconsumption/productionindex,Mimer | Svenska kraftnät,2022-09-28,Bookmarks bar/Helios,Electricity_Markets_and_Prices,,Energy_Market_and_Grid_Data,regulation,content:svk\.se|handel-prissattning
https://opendata.lantmateriet.se/,opendata.lantmateriet.se,Öppna dataportalen | Lantmäteriet,2022-09-23,Bookmarks bar/Helios,Geodata_Portals_Nordic,,Geospatial,portal,content:lantmateriet|minkarta|geotorget|we
https://www.boverket.se/sv/byggande/regler-for-byggande/om-boverkets-konstruktionsregler-eks/sa-har-anvander-du-eks/karta-med-minimala-temperaturer/,boverket.se/sv/byggande/regler-for-byggande/om-boverkets-konstruktionsregler-eks/sa-har-anvander-du-eks/karta-med-minimala-temperaturer,Karta med minimal lufttemperatur - Boverket,2022-11-02,Bookmarks bar/Helios,Geodata_Portals_Nordic,,Geospatial,portal,content:lantmateriet|minkarta|geotorget|we
https://nvdb2012.trafikverket.se/setransportnatverket,nvdb2012.trafikverket.se/setransportnatverket,NVDB på webb,2022-09-13,Bookmarks bar/Helios,Geodata_Portals_Nordic,,Geospatial,portal,content:lantmateriet|minkarta|geotorget|we
https://strang.smhi.se/,strang.smhi.se,STRÅNG,2022-11-03,Bookmarks bar/Helios,Solar_and_Weather_Data,,Solar_Radiation_Modelling,api,content:strang|smhi\.se|opendata\.smhi|sky
https://app.raa.se/open/fornsok/,app.raa.se/open/fornsok,Fornsök,2022-09-15,Bookmarks bar/Helios,Geodata_Portals_Nordic,,Geospatial,portal,content:lantmateriet|minkarta|geotorget|we
https://www.smhi.se/data/meteorologi/ladda-ner-meteorologiska-observationer,smhi.se/data/meteorologi/ladda-ner-meteorologiska-observationer,Ladda ner meteorologiska observationer | SMHI,2022-09-19,Bookmarks bar/Helios | Bookmarks bar/PVmodelling,Solar_and_Weather_Data,,Solar_Radiation_Modelling,api,content:strang|smhi\.se|opendata\.smhi|sky
https://www.lantmateriet.se/sv/geodata/vara-produkter/produktlista/ortofoto-nedladdning/,lantmateriet.se/sv/geodata/vara-produkter/produktlista/ortofoto-nedladdning,Ortofoto Nedladdning | Lantmäteriet,2023-09-21,Bookmarks bar/Helios,Geodata_Portals_Nordic,,Geospatial,portal,content:lantmateriet|minkarta|geotorget|we
https://www.geodata.se/geodataportalen/,geodata.se/geodataportalen/srv/swe/catalog.search;jsessionid=f5fc01f2f00cb87b99e8aa5f80362618#/search?resulttype=swe-details&_schema=iso19139*&type=dataset%20or%20series&from=1&to=20,Geodata - Lantmäteriet,2022-09-28,Bookmarks bar/Helios,Geodata_Portals_Nordic,,Geospatial,portal,content:lantmateriet|minkarta|geotorget|we
https://globalenergymonitor.org/projects/global-solar-power-tracker/tracker-map/,globalenergymonitor.org/projects/global-solar-power-tracker/tracker-map,Tracker Map - Global Energy Monitor,2023-04-14,Bookmarks bar/Helios,Global_Datasets_and_Catalogs,,Remote_Sensing,dataset,content:pvmaps|wiki-solar|globalenergymoni
https://www.wiki-solar.org/map/,wiki-solar.org/map/continent/index.html?north_eastern_europe?0?u-ue,Wiki-Solar mapping of utility-scale solar projects for a specified continent or sub-continent,2023-01-26,Bookmarks bar/Helios,Global_Datasets_and_Catalogs,,Remote_Sensing,dataset,content:pvmaps|wiki-solar|globalenergymoni
https://courses.spatialthoughts.com/introduction-to-qgis.html#attribute-forms,courses.spatialthoughts.com/introduction-to-qgis,Introduction to QGIS (Full Course Material),2023-08-28,Bookmarks bar/QGIS/Courses,QGIS,,PyQGIS_and_GIS_Automation,course,content:qgistutorials|docs\.qgis\.org|qgis
https://courses.spatialthoughts.com/advanced-qgis.html,courses.spatialthoughts.com/advanced-qgis,Advanced QGIS (Full Course Material),2023-09-21,Bookmarks bar/QGIS/Courses,QGIS,,PyQGIS_and_GIS_Automation,course,content:qgistutorials|docs\.qgis\.org|qgis
https://courses.spatialthoughts.com/python-foundation.html,courses.spatialthoughts.com/python-foundation,Python Foundation for Spatial Analysis (Full Course Material),2024-08-07,Bookmarks bar/QGIS/Courses,Geospatial_Python,,PyQGIS_and_GIS_Automation,course,manual:Python for spatial analysis course
https://courses.spatialthoughts.com/python-dataviz.html,courses.spatialthoughts.com/python-dataviz,Mapping and Data Visualization with Python (Full Course Material),2024-08-07,Bookmarks bar/QGIS/Courses,Data_Visualization,,QGIS;Python,course,manual:data visualisation course
https://courses.spatialthoughts.com/pyqgis-masterclass.html,courses.spatialthoughts.com/pyqgis-masterclass,PyQGIS Masterclass - Customizing QGIS with Python (Full Course Material),2024-08-07,Bookmarks bar/QGIS/Courses,PyQGIS_and_GIS_Automation,,QGIS;Geospatial_Python,course,content:pyqgis|qgis_process|qgis-actions|q
https://courses.spatialthoughts.com/qgis-actions.html,courses.spatialthoughts.com/qgis-actions,QGIS Automation using Actions (Workshop Material),2024-07-15,Bookmarks bar/QGIS/Courses,PyQGIS_and_GIS_Automation,,QGIS;Geospatial_Python,course,content:pyqgis|qgis_process|qgis-actions|q
https://courses.spatialthoughts.com/python-remote-sensing,courses.spatialthoughts.com/python-remote-sensing,Cloud-based Remote Sensing with Python (Full Course Material),2024-06-26,Bookmarks bar/QGIS/Courses | Bookmarks bar/GEE | Bookmarks bar/python,Remote_Sensing,,Google_Earth_Engine;Geospatial_Python,course,content:python-remote-sensing|cloud.based 
https://courses.spatialthoughts.com/gdal-tools.html,courses.spatialthoughts.com/gdal-tools,Mastering GDAL Tools (Full Course Material),2024-08-07,Bookmarks bar/QGIS/Courses,Geospatial_Python,,PyQGIS_and_GIS_Automation,course,manual:GDAL course
https://courses.spatialthoughts.com/gee-charts.html,courses.spatialthoughts.com/gee-charts,Creating Publication Quality Charts with GEE (Full Course),2025-01-21,Bookmarks bar/QGIS/Courses | Bookmarks bar/GEE,Google_Earth_Engine,,Remote_Sensing,course,content:earthengine|earth-engine|geemap|ee
https://colab.research.google.com/github/spatialthoughts/courses/blob/master/code/gdal/mastering_gdal_tools.ipynb,colab.research.google.com/github/spatialthoughts/courses/blob/master/code/gdal/mastering_gdal_tools.ipynb,mastering_gdal_tools.ipynb - Colaboratory,2024-02-19,Bookmarks bar/QGIS/Courses,Geospatial_Python,,Python;QGIS,course,manual:GDAL course
https://spatialthoughts.com/2024/05/13/30daysofqgis/,spatialthoughts.com/2024/05/13/30daysofqgis,#30DaysOfQGIS – Master QGIS in 30 Days – Spatial Thoughts,2024-08-06,Bookmarks bar/QGIS/Courses,QGIS,,PyQGIS_and_GIS_Automation,course,content:qgistutorials|docs\.qgis\.org|qgis
https://spatialthoughts.com/advanced-qgis-20230821/,spatialthoughts.com/advanced-qgis-20230821,"Advanced QGIS Workshop – August 21- 29, 2023 (Online) – Spatial Thoughts",2023-08-30,Bookmarks bar/QGIS/Courses,QGIS,,PyQGIS_and_GIS_Automation,tutorial,content:qgistutorials|docs\.qgis\.org|qgis
https://spatialthoughts.com/training/python_foundation_20240205/,spatialthoughts.com/training/python_foundation_20240205,"Python Foundation for Spatial Analysis, 5-6 and 12-13 February 2024 (Online) – Spatial Thoughts",2024-02-05,Bookmarks bar/QGIS/Courses,Geospatial_Python,,,course,manual:Python for spatial analysis course
https://spatialthoughts.com/training/python_dataviz_20240625/,spatialthoughts.com/training/python_dataviz_20240625,Mapping and Data Visualization with Python – 25 June – 3 July 2024 (Online) – Spatial Thoughts,2024-06-30,Bookmarks bar/QGIS/Courses | Bookmarks bar,Data_Visualization,,,course,manual:data visualisation course
https://spatialthoughts.com/pyqgis_masterclass_20240425/,spatialthoughts.com/pyqgis_masterclass_20240425,PyQGIS Masterclass (April 2024) – Spatial Thoughts,2024-04-22,Bookmarks bar/QGIS/Courses,PyQGIS_and_GIS_Automation,,QGIS;Geospatial_Python,tutorial,content:pyqgis|qgis_process|qgis-actions|q
https://spatialthoughts.com/training/gdal_tools_20240219/,spatialthoughts.com/training/gdal_tools_20240219,Mastering GDAL Tools 19-27 February 2023 (Online) – Spatial Thoughts,2024-02-19,Bookmarks bar/QGIS/Courses,Geospatial_Python,,PyQGIS_and_GIS_Automation,course,manual:GDAL course
https://spatialthoughts.com/2021/01/31/equal-sized-kmeans-qgis/,spatialthoughts.com/2021/01/31/equal-sized-kmeans-qgis,K-Means Clustering with Equal Sized Clusters in QGIS – Spatial Thoughts,2023-01-24,Bookmarks bar/QGIS/Courses,Site_Layout_and_Civil_Design,,QGIS,tutorial,content:equal.area|equal.sized|kmeans|k-me
https://courses.gisopencourseware.org/course/index.php?categoryid=2,courses.gisopencourseware.org/course/index.php?categoryid=2,OCWGIS: All courses | OCWGIS,2025-07-22,Bookmarks bar/QGIS/Courses,QGIS,,PyQGIS_and_GIS_Automation,course,content:qgistutorials|docs\.qgis\.org|qgis
https://webgisportal.lantmateriet.se/portal/apps/webappviewer/index.html?id=9586ce671ffe49c1a76e96cfdf453baf,webgisportal.lantmateriet.se/portal/apps/webappviewer/index.html?id=9586ce671ffe49c1a76e96cfdf453baf,Laserskanning för Nationell Höjdmodell (2009-2019),2022-12-29,Bookmarks bar/QGIS/Laserdata,Geodata_Portals_Nordic,,QGIS,portal,manual:national laser data portal
https://webgisportal.lantmateriet.se/portal/apps/webappviewer/index.html?id=36d1e8bd49694da289e2ec7f774f531c,webgisportal.lantmateriet.se/portal/apps/webappviewer/index.html?id=36d1e8bd49694da289e2ec7f774f531c,"Skoglig laserskanning, produktionsstatus",2022-12-29,Bookmarks bar/QGIS/Laserdata,Geodata_Portals_Nordic,,QGIS,portal,manual:national laser data portal
https://plugins.qgis.org/planet/user/21/,plugins.qgis.org/planet/user/21,QGIS Plugins planet,2023-01-11,Bookmarks bar/QGIS/Laserdata,PyQGIS_and_GIS_Automation,,QGIS;Geospatial_Python,tutorial,content:pyqgis|qgis_process|qgis-actions|q
https://www.skogsstyrelsen.se/sjalvservice/karttjanster/geodatatjanster/ftp/,skogsstyrelsen.se/sjalvservice/karttjanster/geodatatjanster/ftp,FTP - Skogsstyrelsen,2022-12-29,Bookmarks bar/QGIS/Laserdata,Geodata_Portals_Nordic,,Geospatial,portal,content:lantmateriet|minkarta|geotorget|we
https://geodpags.skogsstyrelsen.se/geodataport/feeds/Lutning.xml,geodpags.skogsstyrelsen.se/geodataport/feeds/lutning.xml,https://geodpags.skogsstyrelsen.se/geodataport/feeds/Lutning.xml,2022-12-29,Bookmarks bar/QGIS/Laserdata,Geodata_Portals_Nordic,,Geospatial,portal,content:lantmateriet|minkarta|geotorget|we
https://qgis2threejs.readthedocs.io/en/docs/,qgis2threejs.readthedocs.io/en/docs,Qgis2threejs Plugin Document — Qgis2threejs Plugin 2.7 documentation,2023-01-25,Bookmarks bar/QGIS/Laserdata,3D_Geovisualization,,QGIS,tool,content:blender|cesium|qgis2threejs|unreal
https://opentopography.org/,opentopography.org,Home | OpenTopography,2025-07-06,Bookmarks bar/QGIS,Global_Datasets_and_Catalogs,,Remote_Sensing,dataset,content:pvmaps|wiki-solar|globalenergymoni
https://geog-312.gishub.org/,geog-312.gishub.org,Introduction to GIS Programming — Introduction to GIS Programming,2025-03-11,Bookmarks bar/QGIS | Bookmarks bar,Geospatial_Python,,Python;QGIS,course,content:geo-python|autogis|pythongis|geopy
https://courses.gisopencourseware.org/course/view.php?id=51#section-0,courses.gisopencourseware.org/course/view.php?id=51,"Course: Creating data visualisations with graphs, maps and animations | OCWGIS",2024-10-21,Bookmarks bar/QGIS,Data_Visualization,,QGIS;Python,course,content:dataplotly|waterfall chart|charts 
https://dges.carleton.ca/CUOSGwiki/index.php/Albedo_Data_and_Surface_Reflectance_Data_Visualizations_in_SNAP_using_MODIS_Imagery,dges.carleton.ca/cuosgwiki/index.php/albedo_data_and_surface_reflectance_data_visualizations_in_snap_using_modis_imagery,Albedo Data and Surface Reflectance Data Visualizations in SNAP using MODIS Imagery - CUOSGwiki,2024-02-15,Bookmarks bar/QGIS,Bifacial_PV_and_Albedo,,Solar_and_Weather_Data,dataset,content:albedo|mcd43|mod43|bifacial
https://www.gis.lu.se/gis-centre/geographical-data/geographical-data-everyone,gis.lu.se/gis-centre/geographical-data/geographical-data-everyone,Geographical Data for Everyone | Centre for geographical information systems,2024-01-29,Bookmarks bar/QGIS,Geodata_Portals_Nordic,,Geospatial,portal,content:lantmateriet|minkarta|geotorget|we
https://www.northrivergeographic.com/qgis-3-2-drive-down-lists-aka-value-relation-widget/,northrivergeographic.com/qgis-3-2-drive-down-lists-aka-value-relation-widget,QGIS 3.2: Drive Down Lists aka Value Relation Widget - North River Geographic Systems Inc,2023-08-28,Bookmarks bar/QGIS,QGIS,,PyQGIS_and_GIS_Automation,tutorial,content:qgistutorials|docs\.qgis\.org|qgis
https://vbk.lansstyrelsen.se/,vbk.lansstyrelsen.se,Vindbrukskollen,2023-03-09,Bookmarks bar/QGIS,Geodata_Portals_Nordic,,Geospatial,portal,content:lantmateriet|minkarta|geotorget|we
https://geosupportsystem.se/,geosupportsystem.se,Geosupportsystem – En blogg om Open Source GIS,2024-09-13,Bookmarks bar/QGIS,QGIS,,PyQGIS_and_GIS_Automation,tutorial,content:qgistutorials|docs\.qgis\.org|qgis
https://landscapearchaeology.org/2019/qgis-shadows/,landscapearchaeology.org/2019/qgis-shadows,Enhancing terrain cartography with natural shadows,2024-04-05,Bookmarks bar/QGIS,Cartography_and_Map_Design,,QGIS,tutorial,content:cartogis|terrain cartography|qgis-
https://umep-docs.readthedocs.io/en/latest/Introduction.html,umep-docs.readthedocs.io/en/latest/introduction,1. Introduction — UMEP Manual documentation,2023-05-03,Bookmarks bar/QGIS,Urban_Planning,,PyQGIS_and_GIS_Automation,tool,manual:urban microclimate toolbox
https://geo-python-site.readthedocs.io/en/latest/,geo-python-site.readthedocs.io/en/latest,Welcome to Geo-Python 2022!,2023-01-16,Bookmarks bar/QGIS | Bookmarks bar/python,Geospatial_Python,,Python;QGIS,course,content:geo-python|autogis|pythongis|geopy
https://training.datapolitan.com/qgis-training/Introduction_to_GIS_Fundamentals/#1,training.datapolitan.com/qgis-training/introduction_to_gis_fundamentals,Introduction to GIS Fundamentals - NYC DOT,2023-01-16,Bookmarks bar/QGIS,QGIS,,PyQGIS_and_GIS_Automation,tutorial,content:qgistutorials|docs\.qgis\.org|qgis
https://geo-trainings.com/home/home/course/qgis-101/9,geo-trainings.com/home/home/course/qgis-101/9,Qgis 101 | Geo-trainings,2022-12-21,Bookmarks bar/QGIS,QGIS,,PyQGIS_and_GIS_Automation,tutorial,content:qgistutorials|docs\.qgis\.org|qgis
https://www.lantmateriet.se/sv/geotorget-produktstod/guider/anvanda-var-data-i-qgis/#anchor-0,lantmateriet.se/sv/geotorget-produktstod/guider/anvanda-var-data-i-qgis,Använda vår data i QGIS | Lantmäteriet,2025-03-26,Bookmarks bar/QGIS,QGIS,,Geospatial,portal,manual:using Lantmateriet data in QGIS
https://docs.qgis.org/testing/en/docs/training_manual/foreword/foreword.html,docs.qgis.org/testing/en/docs/training_manual/foreword/foreword,1.1. Foreword — QGIS Documentation documentation,2022-10-19,Bookmarks bar/QGIS,QGIS,,PyQGIS_and_GIS_Automation,tutorial,content:qgistutorials|docs\.qgis\.org|qgis
https://www.qgistutorials.com/en/,qgistutorials.com/en,QGIS Tutorials and Tips — QGIS Tutorials and Tips,2022-10-03,Bookmarks bar/QGIS | Bookmarks bar,QGIS,,PyQGIS_and_GIS_Automation,tutorial,content:qgistutorials|docs\.qgis\.org|qgis
https://courses.spatialthoughts.com/index.html,courses.spatialthoughts.com,Spatial Thoughts OpenCourseWare,2022-10-17,Bookmarks bar/QGIS,QGIS,,PyQGIS_and_GIS_Automation,course,content:qgistutorials|docs\.qgis\.org|qgis
https://www.youtube.com/watch?v=TCMNeb1B9BQ,youtube.com/watch?v=tcmneb1b9bq,Topografía de Drone en Sketchup - YouTube,2022-10-06,Bookmarks bar/QGIS,Drones_and_Photogrammetry,,Remote_Sensing,video,content:opendronemap|webodm|pyodm|pix4d|me
https://www.youtube.com/watch?v=fL7udaJQEm8,youtube.com/watch?v=fl7udajqem8,QGIS Network Analysis with Ujaval Gandhi - YouTube,2023-11-01,Bookmarks bar/QGIS | Bookmarks bar,QGIS,,,video,folder-default
https://www.geodose.com/p/pyqgis.html,geodose.com/p/pyqgis,QGIS Python Programming Tutorial - PyQGIS,2022-10-19,Bookmarks bar/QGIS,PyQGIS_and_GIS_Automation,,QGIS;Geospatial_Python,tutorial,content:pyqgis|qgis_process|qgis-actions|q
https://lerryws.xyz/python/qgis/2020/06/12/qgis-in-google-colab.html,lerryws.xyz/python/qgis/2020/06/12/qgis-in-google-colab,Setup QGIS in Google Colab,2024-08-06,Bookmarks bar/QGIS,PyQGIS_and_GIS_Automation,,QGIS;Geospatial_Python,tutorial,content:pyqgis|qgis_process|qgis-actions|q
https://kingsgeocomputation.org/2016/03/16/aspect-slope-maps-in-qgis/,kingsgeocomputation.org/2016/03/16/aspect-slope-maps-in-qgis,Aspect-Slope Maps in QGIS – King's Geocomputation,2023-02-07,Bookmarks bar/QGIS,Terrain_and_Lidar,,QGIS,tutorial,content:aspect-slope|contour lines|cut.vol
https://courses.gisopencourseware.org/,courses.gisopencourseware.org,Open Courseware for GIS,2022-12-20,Bookmarks bar/QGIS,QGIS,,PyQGIS_and_GIS_Automation,course,content:qgistutorials|docs\.qgis\.org|qgis
https://www.qgistutorials.com/en/docs/calculating_line_lengths.html,qgistutorials.com/en/docs/calculating_line_lengths,Calculating Line Lengths and Statistics — QGIS Tutorials and Tips,2023-04-05,Bookmarks bar/QGIS,QGIS,,PyQGIS_and_GIS_Automation,tutorial,content:qgistutorials|docs\.qgis\.org|qgis
https://www.skogsstyrelsen.se/sjalvservice/karttjanster/geodatatjanster/,skogsstyrelsen.se/sjalvservice/karttjanster/geodatatjanster,Geodata att använda i eget GIS - Skogsstyrelsen,2022-10-20,Bookmarks bar/QGIS,Geodata_Portals_Nordic,,Geospatial,portal,content:lantmateriet|minkarta|geotorget|we
https://www.skogsstyrelsen.se/sjalvservice/karttjanster/geodatatjanster/nerladdning-av-geodata/,skogsstyrelsen.se/sjalvservice/karttjanster/geodatatjanster/nerladdning-av-geodata,Ladda ner geodata - Skogsstyrelsen,2022-10-21,Bookmarks bar/QGIS,Geodata_Portals_Nordic,,Geospatial,portal,content:lantmateriet|minkarta|geotorget|we
https://giscrack.com/drawing-qgis-better-accuracy-autocad/,giscrack.com/drawing-qgis-better-accuracy-autocad,Drawing in QGIS with better accuracy than AutoCAD – GIS Crack,2022-10-21,Bookmarks bar/QGIS,QGIS,,PyQGIS_and_GIS_Automation,tutorial,content:qgistutorials|docs\.qgis\.org|qgis
https://rduivenvoorde.github.io/featuregridcreator/FeatureGridCreator/help/html/en/,rduivenvoorde.github.io/featuregridcreator/featuregridcreator/help/html/en,Documentation FeatureGridCreator QGIS plugin — FeatureGridCreator 1.0 documentation,2022-11-03,Bookmarks bar/QGIS,PyQGIS_and_GIS_Automation,,QGIS;Geospatial_Python,tool,content:pyqgis|qgis_process|qgis-actions|q
https://www.pointsnorthgis.ca/blog/viewing-point-clouds-qgis/,pointsnorthgis.ca/blog/viewing-point-clouds-qgis,Viewing Point Clouds - QGIS,2022-12-20,Bookmarks bar/QGIS,Terrain_and_Lidar,,QGIS,tutorial,content:aspect-slope|contour lines|cut.vol
https://gis.stackexchange.com/questions/217890/converting-tif-to-xyz-in-qgis,gis.stackexchange.com/questions/217890/converting-tif-to-xyz-in-qgis,raster - Converting .tif to XYZ in QGIS? - Geographic Information Systems Stack Exchange,2022-12-07,Bookmarks bar/QGIS,QGIS,,PyQGIS_and_GIS_Automation,tutorial,content:qgistutorials|docs\.qgis\.org|qgis
https://daim.lfv.se/echarts/dronechart/,daim.lfv.se/echarts/dronechart,"LFV Drönarkartan (RPAS, UAS, UAV)",2022-12-13,Bookmarks bar/QGIS,Drones_and_Photogrammetry,,Remote_Sensing,tool,content:opendronemap|webodm|pyodm|pix4d|me
http://daim.lfv.se/geoserver/web/wicket/bookmarkable/org.geoserver.web.demo.MapPreviewPage?0,daim.lfv.se/geoserver/web/wicket/bookmarkable/org.geoserver.web.demo.mappreviewpage?0,GeoServer: Layer Preview,2022-12-29,Bookmarks bar/QGIS,Drones_and_Photogrammetry,,Remote_Sensing,tool,content:opendronemap|webodm|pyodm|pix4d|me
https://anitagraser.com/pyqgis-101-introduction-to-qgis-python-programming-for-non-programmers/,anitagraser.com/pyqgis-101-introduction-to-qgis-python-programming-for-non-programmers,PyQGIS 101: Introduction to QGIS Python programming for non-programmers | Free and Open Source GIS Ramblings,2023-01-16,Bookmarks bar/QGIS,PyQGIS_and_GIS_Automation,,QGIS;Geospatial_Python,tutorial,content:pyqgis|qgis_process|qgis-actions|q
https://www.geodose.com/2018/05/how-to-create-contour-lines-in-qgis.html,geodose.com/2018/05/how-to-create-contour-lines-in-qgis,How to Create Contour Lines in QGIS,2022-12-21,Bookmarks bar/QGIS,Terrain_and_Lidar,,QGIS,tutorial,content:aspect-slope|contour lines|cut.vol
https://gis.stackexchange.com/questions/321021/splitting-polygon-into-equal-area-polygons-using-qgis,gis.stackexchange.com/questions/321021/splitting-polygon-into-equal-area-polygons-using-qgis,Splitting polygon into equal area polygons using QGIS - Geographic Information Systems Stack Exchange,2023-01-16,Bookmarks bar/QGIS,Site_Layout_and_Civil_Design,,QGIS,tutorial,content:equal.area|equal.sized|kmeans|k-me
https://www.esri.com/arcgis-blog/products/arcgis-pro/imagery/new-aspect-slope-raster-function-now-available/,esri.com/arcgis-blog/products/arcgis-pro/imagery/new-aspect-slope-raster-function-now-available/?rmedium=redirect&rsource=blogs.esri.com/esri/arcgis/2017/03/28/new-aspect-slope-raster-function-now-available,New Aspect-Slope Raster Function Now Available,2023-02-06,Bookmarks bar/QGIS,Terrain_and_Lidar,,QGIS,tutorial,content:aspect-slope|contour lines|cut.vol
https://code.earthengine.google.com/,code.earthengine.google.com,Earth Engine,2025-01-21,Bookmarks bar/GEE,Google_Earth_Engine,,Remote_Sensing,course,content:earthengine|earth-engine|geemap|ee
https://gee-community.github.io/qgis-earthengine-plugin/,gee-community.github.io/qgis-earthengine-plugin,Google Earth Engine Plugin for QGIS - QGIS Earth Engine Plugin,2025-12-18,Bookmarks bar/GEE,Google_Earth_Engine,,Remote_Sensing,tool,content:earthengine|earth-engine|geemap|ee
https://courses.geemap.org/,courses.geemap.org,GEE Courses,2025-04-29,Bookmarks bar/GEE,Google_Earth_Engine,,Remote_Sensing,course,content:earthengine|earth-engine|geemap|ee
https://spatialthoughts.com/training/end_to_end_gee_20250120/,spatialthoughts.com/training/end_to_end_gee_20250120,End-to-End Google Earth Engine (Jan 2025) – Spatial Thoughts,2025-01-21,Bookmarks bar/GEE,Google_Earth_Engine,,PyQGIS_and_GIS_Automation,course,manual:Earth Engine course
https://spatialthoughts.com/training/qgis_gee_workshop_20251217/,spatialthoughts.com/training/qgis_gee_workshop_20251217,From Cloud to Desktop: Working with Earth Engine Data in QGIS (December 2025) – Spatial Thoughts,2025-12-16,Bookmarks bar/GEE,Google_Earth_Engine,,PyQGIS_and_GIS_Automation,course,manual:Earth Engine course
https://geog-510.gishub.org/,geog-510.gishub.org,Geographic Software Design — Geographic Software Design,2025-02-05,Bookmarks bar/GEE,Geospatial_Python,,Python;QGIS,course,content:geo-python|autogis|pythongis|geopy
https://github.com/csaybar/EEwPython,github.com/csaybar/eewpython,csaybar/EEwPython: A series of Jupyter notebook to learn Google Earth Engine with Python,2025-03-29,Bookmarks bar/GEE,Google_Earth_Engine,,Remote_Sensing,tool,content:earthengine|earth-engine|geemap|ee
https://gee-community-catalog.org/,gee-community-catalog.org,awesome-gee-community-catalog - awesome-gee-community-catalog,2025-04-10,Bookmarks bar/GEE,Global_Datasets_and_Catalogs,,Google_Earth_Engine,dataset,content:gee-community-catalog|awesome-gee
https://www.eefabook.org/,eefabook.org,Cloud-Based Remote Sensing with Google Earth Engine,2025-01-27,Bookmarks bar/GEE,Google_Earth_Engine,,Remote_Sensing,course,content:earthengine|earth-engine|geemap|ee
https://developers.google.com/earth-engine/tutorials/tutorial_js_03,developers.google.com/earth-engine/tutorials/tutorial_js_03,Functional Programming Concepts  |  Google Earth Engine  |  Google for Developers,2025-01-22,Bookmarks bar/GEE,Google_Earth_Engine,,Remote_Sensing,tutorial,content:earthengine|earth-engine|geemap|ee
https://courses.spatialthoughts.com/end-to-end-gee.html,courses.spatialthoughts.com/end-to-end-gee,End-to-End Google Earth Engine (Full Course),2025-01-29,Bookmarks bar/GEE,Google_Earth_Engine,,Remote_Sensing,course,manual:Earth Engine course
https://spatialthoughts.com/2020/07/14/histogram-matching-gee/,spatialthoughts.com/2020/07/14/histogram-matching-gee,Histogram Matching in Google Earth Engine – Spatial Thoughts,2025-01-29,Bookmarks bar/GEE,Google_Earth_Engine,,Remote_Sensing,course,content:earthengine|earth-engine|geemap|ee
https://spatialthoughts.com/2020/04/13/extracting-time-series-ee/,spatialthoughts.com/2020/04/13/extracting-time-series-ee,Extracting Time Series using Google Earth Engine – Spatial Thoughts,2025-01-29,Bookmarks bar/GEE,Google_Earth_Engine,,Remote_Sensing,course,content:earthengine|earth-engine|geemap|ee
https://spatialthoughts.com/2024/10/23/large-image-exports-gee/,spatialthoughts.com/2024/10/23/large-image-exports-gee,Tiling Large Exports in Google Earth Engine – Spatial Thoughts,2025-01-29,Bookmarks bar/GEE,Google_Earth_Engine,,Remote_Sensing,course,content:earthengine|earth-engine|geemap|ee
https://developers.google.com/earth-engine/guides/best_practices#if_you_dont_need_to_clip_dont_use_clip,developers.google.com/earth-engine/guides/best_practices,Coding Best Practices  |  Google Earth Engine  |  Google for Developers,2025-01-29,Bookmarks bar/GEE,Google_Earth_Engine,,Remote_Sensing,course,content:earthengine|earth-engine|geemap|ee
https://courses.spatialthoughts.com/install-gee-python-api.html,courses.spatialthoughts.com/install-gee-python-api,Install Google Earth Engine Python API,2025-01-29,Bookmarks bar/GEE,Google_Earth_Engine,,PyQGIS_and_GIS_Automation,course,manual:Earth Engine course
https://github.com/spatialthoughts/python-tutorials,github.com/spatialthoughts/python-tutorials,spatialthoughts/python-tutorials: Spatial Analysis and Remote Sensing with Python Tutorials,2025-02-05,Bookmarks bar/GEE,Geospatial_Python,,,tool,manual:python tutorial repo
https://spatialthoughts.com/2023/09/16/building-density-gee/,spatialthoughts.com/2023/09/16/building-density-gee,Mapping Building Density with Open Building Datasets – Spatial Thoughts,2025-02-03,Bookmarks bar/GEE,Global_Datasets_and_Catalogs,,Google_Earth_Engine;Remote_Sensing,dataset,content:building-density-gee|glcfcs30d|lan
https://spatialthoughts.com/2024/06/29/global-landcover-glcfcs30d/,spatialthoughts.com/2024/06/29/global-landcover-glcfcs30d,Exploring the Global 30m Land Cover Change Dataset (1985-2022) GLC_FCS30D – Spatial Thoughts,2025-02-03,Bookmarks bar/GEE,Global_Datasets_and_Catalogs,,Google_Earth_Engine;Remote_Sensing,dataset,content:building-density-gee|glcfcs30d|lan
https://spatialthoughts.com/2020/04/04/ndvi-time-series-gee-qgis/,spatialthoughts.com/2020/04/04/ndvi-time-series-gee-qgis,Creating Maps with Google Earth Engine and PyQGIS – Spatial Thoughts,2025-02-04,Bookmarks bar/GEE,Google_Earth_Engine,,Remote_Sensing,course,content:earthengine|earth-engine|geemap|ee
https://autogis-site.readthedocs.io/en/latest/index.html,autogis-site.readthedocs.io/en/latest,Automating GIS Processes 2025,2026-01-26,Bookmarks bar/python,Geospatial_Python,,Python;QGIS,course,content:geo-python|autogis|pythongis|geopy
https://spatialthoughts.com/2024/10/13/pythondatavizchallenge/#more-14148,spatialthoughts.com/2024/10/13/pythondatavizchallenge,#PythonDatavizChallenge – Learn Mapping and Data Visualization with Python in 30 Days – Spatial Thoughts,2024-10-19,Bookmarks bar/python,Data_Visualization,,QGIS;Python,tutorial,manual:data visualisation course
https://pysal.org/spopt/,pysal.org/spopt,spopt: Spatial Optimization — spopt v0.6.1 Manual,2025-06-08,Bookmarks bar/python,Optimization_and_Decision_Making,,Python,tool,content:spopt|linear-programming|algorithm
https://github.com/ncsu-geoforall-lab/grass-gis-workshop-foss4g-2022,github.com/ncsu-geoforall-lab/grass-gis-workshop-foss4g-2022,GitHub - ncsu-geoforall-lab/grass-gis-workshop-foss4g-2022: Unleash the power of GRASS GIS with Jupyter (FOSS4G 2022 workshop),2024-02-29,Bookmarks bar/python,Geospatial_Python,,Python;QGIS,tool,content:geo-python|autogis|pythongis|geopy
https://pythongis.org/index.html,pythongis.org,Introduction to Python for Geographic Data Analysis,2024-07-29,Bookmarks bar/python,Geospatial_Python,,Python;QGIS,course,content:geo-python|autogis|pythongis|geopy
https://github.com/spatialthoughts/python-tutorials/blob/main/geopandas_select_from_excel.ipynb,github.com/spatialthoughts/python-tutorials/blob/main/geopandas_select_from_excel.ipynb,python-tutorials/geopandas_select_from_excel.ipynb at main · spatialthoughts/python-tutorials,2024-02-20,Bookmarks bar/python,Geospatial_Python,,Python;QGIS,tool,manual:python tutorial repo
https://colab.research.google.com/github/spatialthoughts/python-foundation-web/,colab.research.google.com/github/spatialthoughts/python-foundation-web,Google Colab,2024-03-23,Bookmarks bar/python,Geospatial_Python,,Python;QGIS,course,content:geo-python|autogis|pythongis|geopy
https://pvlib-python.readthedocs.io/en/v0.8.1/index.html,pvlib-python.readthedocs.io/en/v0.8.1,PVlib python,2022-10-19,Bookmarks bar/python,PV_Modelling_Tools,,Python,tool,content:pvlib|pv-tutorials|pvcollada|pysam
https://docs.qgis.org/3.34/en/docs/pyqgis_developer_cookbook/index.html,docs.qgis.org/3.34/en/docs/pyqgis_developer_cookbook,PyQGIS Developer Cookbook — QGIS Documentation documentation,2024-05-14,Bookmarks bar/python,PyQGIS_and_GIS_Automation,,QGIS;Geospatial_Python,tutorial,content:pyqgis|qgis_process|qgis-actions|q
https://www.geopythontutorials.com/introduction.html,geopythontutorials.com/introduction,Geospatial Python Tutorials,2025-03-03,Bookmarks bar/python,Geospatial_Python,,Python;QGIS,tutorial,content:geo-python|autogis|pythongis|geopy
https://developmentseed.org/lonboard/latest/#install,developmentseed.org/lonboard/latest,lonboard,2024-10-21,Bookmarks bar/python,Geospatial_Python,,Python;QGIS,course,content:geo-python|autogis|pythongis|geopy
https://jeltef.github.io/PyLaTeX/current/index.html,jeltef.github.io/pylatex/current,PyLaTeX,2022-10-19,Bookmarks bar/python,Reporting_and_Publishing,,Python,tool,content:pylatex|weasyprint|jupyterbook|jup
https://github.com/ghtmtt/DataPlotly,github.com/ghtmtt/dataplotly,GitHub - ghtmtt/DataPlotly: D3 like plots creation with plotly in QGIS,2024-10-21,Bookmarks bar/python,Data_Visualization,,QGIS;Python,tool,content:dataplotly|waterfall chart|charts 
https://py.cafe/,py.cafe,"PyCafe(beta): Run, Edit and Share Python Apps in Your Browser with 1 click",2024-07-03,Bookmarks bar/python,Reporting_and_Publishing,,Python,tool,content:pylatex|weasyprint|jupyterbook|jup
https://lfenergy.org/projects/grid2op/,lfenergy.org/projects/grid2op,Grid2Op - LF Energy,2025-09-05,Bookmarks bar/PVmodelling/Grid,Power_Systems_and_Grid_Integration,,Energy_Market_and_Grid_Data,tool,content:mimer\.svk|fingrid\.fi/en/grid|kar
https://grid2op.readthedocs.io/en/latest/quickstart.html,grid2op.readthedocs.io/en/latest/quickstart,Getting started — Grid2Op 1.12.0 documentation,2025-09-05,Bookmarks bar/PVmodelling/Grid,Power_Systems_and_Grid_Integration,,Energy_Market_and_Grid_Data,tool,content:mimer\.svk|fingrid\.fi/en/grid|kar
https://www.pandapower.org/start/#interactive-tutorials-,pandapower.org/start,Getting Started - pandapower,2024-09-13,Bookmarks bar/PVmodelling/Grid,Power_Systems_and_Grid_Integration,,Energy_Market_and_Grid_Data,tool,content:mimer\.svk|fingrid\.fi/en/grid|kar
https://www.pandapower.org/about/,pandapower.org/about,About pandapower - pandapower,2024-09-13,Bookmarks bar/PVmodelling/Grid,Power_Systems_and_Grid_Integration,,Energy_Market_and_Grid_Data,tool,content:mimer\.svk|fingrid\.fi/en/grid|kar
https://www.autodesk.com/learn/ondemand/course/autocad-design-drafting-cert-prep-2023/module/1ZZPgjFrurAn8gDgH58FyJ,autodesk.com/learn/ondemand/course/autocad-design-drafting-cert-prep-2023/module/1zzpgjfruran8gdgh58fyj,AutoCAD for Design and Drafting Professional Certification Prep - See where you stand | Autodesk,2024-06-11,Bookmarks bar/PVmodelling/AutoCAD,CAD_and_Drafting,,QGIS,course,content:autocad|autodesk|thecadgeek|aec-wi
https://www.youtube.com/watch?v=LU6wXBqfRUI,youtube.com/watch?v=lu6wxbqfrui,"AutoCAD – Viewports and Viewports Scaling, Annotative Objects - YouTube",2024-07-19,Bookmarks bar/PVmodelling/AutoCAD,CAD_and_Drafting,,QGIS,video,content:autocad|autodesk|thecadgeek|aec-wi
https://www.youtube.com/watch?v=UZOJQLP3kMY,youtube.com/watch?v=uzojqlp3kmy,AutoCAD Map 3D for Engineers - YouTube,2024-04-16,Bookmarks bar/PVmodelling/AutoCAD,CAD_and_Drafting,,QGIS,video,content:autocad|autodesk|thecadgeek|aec-wi
https://www.youtube.com/watch?v=p-qA3SlLDfA,youtube.com/watch?v=p-qa3slldfa,"AutoCAD Tips, Tricks, & Delightful Drafting Techniques - YouTube",2024-06-12,Bookmarks bar/PVmodelling/AutoCAD,CAD_and_Drafting,,QGIS,video,content:autocad|autodesk|thecadgeek|aec-wi
https://www.youtube.com/watch?v=C8Yr29zQ_qE,youtube.com/watch?v=c8yr29zq_qe,Webinar: Introduction to Customizing in AutoCAD | AutoCAD LT 2018 - YouTube,2024-07-19,Bookmarks bar/PVmodelling/AutoCAD,CAD_and_Drafting,,QGIS,video,content:autocad|autodesk|thecadgeek|aec-wi
https://www.linkedin.com/learning/autocad-map-3d-2022-essential-training,linkedin.com/learning/autocad-map-3d-2022-essential-training,AutoCAD Map 3D 2022 Essential Training | LinkedIn Learning,2024-07-19,Bookmarks bar/PVmodelling/AutoCAD,CAD_and_Drafting,,QGIS,video,content:autocad|autodesk|thecadgeek|aec-wi
https://help.autodesk.com/view/MAP/2025/ENU/?guid=GUID-037ABE93-32F9-4112-A34D-77DFA7BEC43E,help.autodesk.com/view/map/2025/enu/?guid=guid-037abe93-32f9-4112-a34d-77dfa7bec43e,AutoCAD Map 3D 2025 Help | Exercise 1: Drag and drop a source file | Autodesk,2024-07-18,Bookmarks bar/PVmodelling/AutoCAD,CAD_and_Drafting,,QGIS,course,content:autocad|autodesk|thecadgeek|aec-wi
https://www.linkedin.com/learning/qgis-and-python-for-aec/aec-with-python-and-qgis,linkedin.com/learning/qgis-and-python-for-aec/aec-with-python-and-qgis,AEC with Python and QGIS | LinkedIn Learning,2024-07-21,Bookmarks bar/PVmodelling/AutoCAD,CAD_and_Drafting,,QGIS,video,content:autocad|autodesk|thecadgeek|aec-wi
https://thecadgeek.com/,thecadgeek.com,The CAD Geek - Empowering Design Professionals,2024-06-11,Bookmarks bar/PVmodelling/AutoCAD,CAD_and_Drafting,,QGIS,course,content:autocad|autodesk|thecadgeek|aec-wi
https://www.youtube.com/watch?v=R0QmsJCfPKI,youtube.com/watch?v=r0qmsjcfpki,Fun With AutoCAD Map Full - YouTube,2024-12-17,Bookmarks bar/PVmodelling/AutoCAD,CAD_and_Drafting,,QGIS,video,content:autocad|autodesk|thecadgeek|aec-wi
https://geoinfotech.ng/geospatial-intelligence/advanced-workflows-with-blender-gis-for-geospatial-professionals/,geoinfotech.ng/geospatial-intelligence/advanced-workflows-with-blender-gis-for-geospatial-professionals,Advanced Workflows with Blender GIS for Geospatial Professionals - Geoinfotech,2025-07-22,Bookmarks bar/PVmodelling/Blender,3D_Geovisualization,,QGIS,tutorial,content:blender|cesium|qgis2threejs|unreal
https://www.youtube.com/watch?v=FwJSBoTn1y4,youtube.com/watch?v=fwjsbotn1y4,Interpolate voids in DEM for catchment delineation in QGIS - YouTube,2025-07-11,Bookmarks bar/PVmodelling/Blender,Terrain_and_Lidar,,QGIS,video,content:aspect-slope|contour lines|cut.vol
https://cesium.com/blog/2023/11/07/qgis-now-supports-3d-tiles/,cesium.com/blog/2023/11/07/qgis-now-supports-3d-tiles,QGIS Now Supports 3D Tiles – Cesium,2025-07-22,Bookmarks bar/PVmodelling/Blender,3D_Geovisualization,,QGIS,tutorial,content:blender|cesium|qgis2threejs|unreal
https://github.com/ptabriz/Geospatial_studio_blender,github.com/ptabriz/geospatial_studio_blender,ptabriz/Geospatial_studio_blender: This tutorial reviews basic steps to use Blender and GIS addon for importing and processing basic Geospatial data,2025-07-22,Bookmarks bar/PVmodelling/Blender,3D_Geovisualization,,QGIS,tool,content:blender|cesium|qgis2threejs|unreal
https://www.youtube.com/watch?v=x3i9qyFGgcQ,youtube.com/watch?v=x3i9qyfggcq,"QGIS Expressions Masterclass (Full Workshop, Ad-Free) - YouTube",2025-07-11,Bookmarks bar/PVmodelling/Blender | Bookmarks bar,QGIS,,PyQGIS_and_GIS_Automation,video,content:qgistutorials|docs\.qgis\.org|qgis
https://www.youtube.com/playlist?list=PLAxJ4-o7ZoPfb18kNe2luWX9xKg1233i9,youtube.com/playlist?list=plaxj4-o7zopfb18kne2luwx9xkg1233i9,Introduction to GIS Programming - YouTube,2025-07-11,Bookmarks bar/PVmodelling/Blender,Geospatial_Python,,Python;QGIS,video,content:geo-python|autogis|pythongis|geopy
https://3d-models.shop/shop/produkt/solaranlagen/agrar-photovoltaik-mit-animation-16-m/,3d-models.shop/shop/produkt/solaranlagen/agrar-photovoltaik-mit-animation-16-m,Agrar-Photovoltaik Mit Animation 16 M,2025-07-15,Bookmarks bar/PVmodelling/Blender,Agrivoltaics,,3D_Geovisualization,reference,content:agrar-photovoltaik|3d-models\.shop
https://www.youtube.com/watch?v=7ipjZ8_LCMk,youtube.com/watch?v=7ipjz8_lcmk,3D Tiles and Cesium Ion Plugin in QGIS - YouTube,2025-07-22,Bookmarks bar/PVmodelling/Blender,3D_Geovisualization,,QGIS,video,content:blender|cesium|qgis2threejs|unreal
https://github.com/cvxgrp/pv_bundt_cake/blob/main/pv_bundt_cake_analysis.ipynb,github.com/cvxgrp/pv_bundt_cake/blob/main/pv_bundt_cake_analysis.ipynb,pv_bundt_cake/pv_bundt_cake_analysis.ipynb at main · cvxgrp/pv_bundt_cake,2025-07-11,Bookmarks bar/PVmodelling/Blender,PV_System_Performance,,PV_Modelling_Tools,tool,content:rdtools|pvanalytics|pvcaptest|sola
https://commons.m.wikimedia.org/wiki/File:EarthsOrbit_en.png,commons.m.wikimedia.org/wiki/file:earthsorbit_en.png,File:EarthsOrbit en.png - Wikimedia Commons,2025-07-11,Bookmarks bar/PVmodelling/Blender,Solar_Radiation_Modelling,,PV_Modelling_Tools,tutorial,content:r\.sun|pcsrt|neteler\.org|earthsun
https://www.unrealengine.com/en-US/training,unrealengine.com/en-us/training,Instructor-led training - Unreal Engine,2025-07-11,Bookmarks bar/PVmodelling/Blender,3D_Geovisualization,,QGIS,tutorial,content:blender|cesium|qgis2threejs|unreal
https://www.modlearth.com/blog/solar/,modlearth.com/blog/solar,Realistic Solar Power Plant and Blender Motion Tracking,2025-07-11,Bookmarks bar/PVmodelling/Blender,3D_Geovisualization,,QGIS,tutorial,content:blender|cesium|qgis2threejs|unreal
https://www.modlearth.com/blog/blender-er-01/,modlearth.com/blog/blender-er-01,Paisaje y Energía en Blender - Los tutoriales completos,2025-07-11,Bookmarks bar/PVmodelling/Blender,3D_Geovisualization,,QGIS,tutorial,content:blender|cesium|qgis2threejs|unreal
https://iea-pvps.org/wp-content/uploads/2025/03/04_T.-Mueller_Quantifying-the-impact-of-dust-and-snow_Intersolar-2025.pdf,iea-pvps.org/wp-content/uploads/2025/03/04_t.-mueller_quantifying-the-impact-of-dust-and-snow_intersolar-2025.pdf,PowerPoint Presentation,2025-07-11,Bookmarks bar/PVmodelling/Blender,PV_in_Nordic_Climates,,Electricity_Markets_and_Prices,portal,"manual:dust and snow losses, Intersolar 2025"
https://pvradar.com/product/python-package/use-cases/quantify-snow,pvradar.com/product/python-package/use-cases/quantify-snow,Quantify snow losses with pvlib (Marion & Townsend models),2025-07-11,Bookmarks bar/PVmodelling/Blender,PV_in_Nordic_Climates,,PV_Modelling_Tools,tool,content:pvlib.*snow|townsendsnowdustmodel|
https://www.styrke10.dk/2025/05/08/atlasgrid-til-dig-der-laver-kortbladsopdelte-atlas-prints-i-qgis/,styrke10.dk/2025/05/08/atlasgrid-til-dig-der-laver-kortbladsopdelte-atlas-prints-i-qgis,"AtlasGrid - til dig, der laver kortbladsopdelte atlas prints i QGIS - STYRKE 10",2025-07-11,Bookmarks bar/PVmodelling/Blender,Cartography_and_Map_Design,,QGIS,tutorial,content:cartogis|terrain cartography|qgis-
https://github.com/domlysz/BlenderGIS/wiki/Georeferencing-management,github.com/domlysz/blendergis/wiki/georeferencing-management,Georeferencing management · domlysz/BlenderGIS Wiki,2025-07-11,Bookmarks bar/PVmodelling/Blender,3D_Geovisualization,,QGIS,tool,content:blender|cesium|qgis2threejs|unreal
https://www.youtube.com/watch?v=u8Fg-u-VWUE,youtube.com/watch?v=u8fg-u-vwue,Blender GIS - introduction and complete workflow - YouTube,2025-07-11,Bookmarks bar/PVmodelling/Blender,3D_Geovisualization,,QGIS,video,content:blender|cesium|qgis2threejs|unreal
https://www.pointsnorthgis.ca/blog/how-to-calculate-surfacecut-volume-qgis-advanced/,pointsnorthgis.ca/blog/how-to-calculate-surfacecut-volume-qgis-advanced,How To Calculate Surface/Cut Volume QGIS - Advanced,2025-07-11,Bookmarks bar/PVmodelling/Blender,Terrain_and_Lidar,,QGIS,tutorial,content:aspect-slope|contour lines|cut.vol
https://digital-landscapes.com/wp-content/uploads/2023/04/Blender-Part-02-import-raster-data-with-BlenderGIS.pdf,digital-landscapes.com/wp-content/uploads/2023/04/blender-part-02-import-raster-data-with-blendergis.pdf,PowerPoint Presentation,2025-07-11,Bookmarks bar/PVmodelling/Blender,3D_Geovisualization,,QGIS,tutorial,content:blender|cesium|qgis2threejs|unreal
https://gitlab.com/jtagusari/hrisk-noisemodelling,gitlab.com/jtagusari/hrisk-noisemodelling,Junta Tagusari / hrisk-with-noisemodelling · GitLab,2025-07-22,Bookmarks bar/PVmodelling/Blender,Noise_Modelling,,Permitting_and_Environmental_Assessment,tool,content:noisemodelling|noisetools\.net|dbm
https://geodpags.skogsstyrelsen.se/geodataport/feeds/SLUMarkfuktighetKlassad.xml,geodpags.skogsstyrelsen.se/geodataport/feeds/slumarkfuktighetklassad.xml,geodpags.skogsstyrelsen.se/geodataport/feeds/SLUMarkfuktighetKlassad.xml,2025-07-22,Bookmarks bar/PVmodelling/Blender,Geodata_Portals_Nordic,,Geospatial,portal,content:lantmateriet|minkarta|geotorget|we
https://bonnypmcclain.substack.com/p/quietly-plodding-along,bonnypmcclain.substack.com/p/quietly-plodding-along,Quietly plodding along... - by Bonny P McClain,2025-07-24,Bookmarks bar/PVmodelling/Blender,3D_Geovisualization,,,reference,folder-default
https://docs.os.uk/more-than-maps/deep-dive/using-blender-for-geospatial-projects,docs.os.uk/more-than-maps/deep-dive/using-blender-for-geospatial-projects,Using Blender for Geospatial Projects | More than Maps,2025-07-11,Bookmarks bar/PVmodelling/Blender,3D_Geovisualization,,QGIS,tutorial,content:blender|cesium|qgis2threejs|unreal
https://grass-tutorials.osgeo.org/content/tutorials/get_started/fast_track_grass_and_python.html,grass-tutorials.osgeo.org/content/tutorials/get_started/fast_track_grass_and_python,Get started with GRASS & Python in Jupyter Notebooks,2025-03-30,Bookmarks bar/PVmodelling/Grass,Geospatial_Python,,Python;QGIS,tutorial,content:geo-python|autogis|pythongis|geopy
https://colab.research.google.com/github/hvmarco/PV-feasibility/blob/main/project_marcohernandez.ipynb,colab.research.google.com/github/hvmarco/pv-feasibility/blob/main/project_marcohernandez.ipynb,project_marcohernandez.ipynb - Colaboratory,2024-04-11,Bookmarks bar/PVmodelling/Grass,PV_Modelling_Tools,,Python,tool,content:pvlib|pv-tutorials|pvcollada|pysam
https://gisunchained.wordpress.com/2019/05/29/using-qgis-from-conda/,gisunchained.wordpress.com/2019/05/29/using-qgis-from-conda,Using QGIS from Conda – GIS Unchained,2024-05-03,Bookmarks bar/PVmodelling/Grass,PyQGIS_and_GIS_Automation,,QGIS;Geospatial_Python,tutorial,content:pyqgis|qgis_process|qgis-actions|q
https://github.com/qgis/QGIS-Enhancement-Proposals/issues/202,github.com/qgis/qgis-enhancement-proposals/issues/202,PIP dependencies for Python plugins · Issue #202 · qgis/QGIS-Enhancement-Proposals · GitHub,2024-05-02,Bookmarks bar/PVmodelling/Grass,PyQGIS_and_GIS_Automation,,QGIS;Geospatial_Python,tool,content:pyqgis|qgis_process|qgis-actions|q
https://github.com/hvmarco/PV-feasibility/blob/main/project_marcohernandez.ipynb,github.com/hvmarco/pv-feasibility/blob/main/project_marcohernandez.ipynb,PV-feasibility/project_marcohernandez.ipynb at main · hvmarco/PV-feasibility,2024-04-11,Bookmarks bar/PVmodelling/Grass,PV_Modelling_Tools,,Python,tool,content:pvlib|pv-tutorials|pvcollada|pysam
https://joint-research-centre.ec.europa.eu/photovoltaic-geographical-information-system-pvgis/getting-started-pvgis/api-non-interactive-service_en#ref-4-python-wrap-for-api-calls,joint-research-centre.ec.europa.eu/photovoltaic-geographical-information-system-pvgis/getting-started-pvgis/api-non-interactive-service_en,API non-interactive service - European Commission,2024-04-11,Bookmarks bar/PVmodelling/Grass,Solar_and_Weather_Data,,Solar_Radiation_Modelling,api,content:strang|smhi\.se|opendata\.smhi|sky
https://github.com/PV-Tutorials/PVPMC_SUPSI_2023/blob/main/google-colab-introduction.ipynb,github.com/pv-tutorials/pvpmc_supsi_2023/blob/main/google-colab-introduction.ipynb,PVPMC_SUPSI_2023/google-colab-introduction.ipynb at main · PV-Tutorials/PVPMC_SUPSI_2023,2024-04-11,Bookmarks bar/PVmodelling/Grass,PV_Modelling_Tools,,Python,tool,content:pvlib|pv-tutorials|pvcollada|pysam
https://github.com/neteler/jupyter_sentinel2_grass_gis,github.com/neteler/jupyter_sentinel2_grass_gis,neteler/jupyter_sentinel2_grass_gis: Jupyter notebook: GRASS GIS 8 and processing of multitemporal EO data,2024-04-11,Bookmarks bar/PVmodelling/Grass,Geospatial_Python,,Python;QGIS,tool,content:geo-python|autogis|pythongis|geopy
https://ncsu-geoforall-lab.github.io/grass-temporal-workshop/,ncsu-geoforall-lab.github.io/grass-temporal-workshop,Spatio-temporal data handling and visualization in GRASS GIS,2024-04-11,Bookmarks bar/PVmodelling/Grass | Bookmarks bar/PVmodelling,Geospatial_Python,,Python;QGIS,tool,content:geo-python|autogis|pythongis|geopy
https://colab.research.google.com/github/petrasovaa/foss4g2022_grass4rs/blob/main/grassgis4rs.ipynb,colab.research.google.com/github/petrasovaa/foss4g2022_grass4rs/blob/main/grassgis4rs.ipynb,grassgis4rs.ipynb - Colaboratory,2024-04-11,Bookmarks bar/PVmodelling/Grass,Geospatial_Python,,Python;QGIS,course,content:geo-python|autogis|pythongis|geopy
https://colab.research.google.com/drive/1UV6ytqSUHn-sIq-P3sxcFgXM3DE6euqh,colab.research.google.com/drive/1uv6ytqsuhn-siq-p3sxcfgxm3de6euqh,Introduction to spatial data analysis.ipynb - Colaboratory,2024-04-11,Bookmarks bar/PVmodelling/Grass,Geospatial_Python,,Python;QGIS,course,content:geo-python|autogis|pythongis|geopy
https://colab.research.google.com/github/neteler/jupyter_sentinel2_grass_gis/blob/main/sentinel2_grass_gis_colab.ipynb,colab.research.google.com/github/neteler/jupyter_sentinel2_grass_gis/blob/main/sentinel2_grass_gis_colab.ipynb,sentinel2_grass_gis_colab.ipynb - Colaboratory,2024-04-11,Bookmarks bar/PVmodelling/Grass,Geospatial_Python,,Python;QGIS,course,content:geo-python|autogis|pythongis|geopy
https://grasswiki.osgeo.org/wiki/GRASS_GIS_Jupyter_notebooks,grasswiki.osgeo.org/wiki/grass_gis_jupyter_notebooks,GRASS GIS Jupyter notebooks - GRASS-Wiki,2024-04-11,Bookmarks bar/PVmodelling/Grass,Geospatial_Python,,Python;QGIS,tutorial,content:geo-python|autogis|pythongis|geopy
https://github.com/veroandreo/foss4g2022_grass4rs,github.com/veroandreo/foss4g2022_grass4rs,veroandreo/foss4g2022_grass4rs: Notebook for the GRASS GIS for remote sensing data processing and analysis workshop at FOSS4G 2022 in Florence,2024-04-11,Bookmarks bar/PVmodelling/Grass,Geospatial_Python,,Python;QGIS,tool,content:geo-python|autogis|pythongis|geopy
https://github.com/spatialthoughts/python-foundation-web/blob/master/12_working_with_geopandas.ipynb,github.com/spatialthoughts/python-foundation-web/blob/master/12_working_with_geopandas.ipynb,python-foundation-web/12_working_with_geopandas.ipynb at master · spatialthoughts/python-foundation-web,2024-04-11,Bookmarks bar/PVmodelling/Grass,Geospatial_Python,,Python;QGIS,tool,content:geo-python|autogis|pythongis|geopy
https://github.com/rduivenvoorde/featuregridcreator/blob/master/FeatureGridCreator/grid_creator.py,github.com/rduivenvoorde/featuregridcreator/blob/master/featuregridcreator/grid_creator.py,featuregridcreator/FeatureGridCreator/grid_creator.py at master · rduivenvoorde/featuregridcreator,2024-04-11,Bookmarks bar/PVmodelling/Grass,PyQGIS_and_GIS_Automation,,PyQGIS_and_GIS_Automation,tool,manual:plugin source
https://geopandas.org/en/v0.6.0/projections.html,geopandas.org/en/v0.6.0/projections,Managing Projections — GeoPandas 0.6.0 documentation,2024-04-11,Bookmarks bar/PVmodelling/Grass,Geospatial_Python,,Python;QGIS,tool,content:geo-python|autogis|pythongis|geopy
https://gist.github.com/ThomasG77/223064813d8aefda5b3cdb05c2588fa1,gist.github.com/thomasg77/223064813d8aefda5b3cdb05c2588fa1,Run PyQGIS in Jupyter Notebook · GitHub,2024-05-02,Bookmarks bar/PVmodelling/Grass,PyQGIS_and_GIS_Automation,,QGIS;Geospatial_Python,tool,content:pyqgis|qgis_process|qgis-actions|q
https://lerryws.xyz/python/qgis/2019/08/01/PyQGIS-in-Jupyter-Notebook.html,lerryws.xyz/python/qgis/2019/08/01/pyqgis-in-jupyter-notebook,Geospatial python tutorial - PyQGIS in Jupyter Notebook,2024-08-09,Bookmarks bar/PVmodelling/Grass,PyQGIS_and_GIS_Automation,,QGIS;Geospatial_Python,tutorial,content:pyqgis|qgis_process|qgis-actions|q
https://www.youtube.com/watch?v=zKzhMQaNjDI,youtube.com/watch?v=zkzhmqanjdi,pvlib python 01: Introduction - YouTube,2024-02-16,Bookmarks bar/PVmodelling,PV_Modelling_Tools,,Python,video,content:pvlib|pv-tutorials|pvcollada|pysam
https://github.com/NatLabRockies/pysam,github.com/natlabrockies/pysam,NatLabRockies/pysam: Python Wrapper for the System Advisor Model,2026-02-11,Bookmarks bar/PVmodelling,PV_Modelling_Tools,,Python,tool,content:pvlib|pv-tutorials|pvcollada|pysam
https://www.youtube.com/watch?v=80OPzafO2HQ,youtube.com/watch?v=80opzafo2hq,Virtual Tutorial Series PART 1: Open-Source Tools & Open-Access Solar Data - YouTube,2025-05-02,Bookmarks bar/PVmodelling,PV_Modelling_Tools,,Python,video,content:pvlib|pv-tutorials|pvcollada|pysam
https://www.youtube.com/watch?v=XKbqIlAEwOQ,youtube.com/watch?v=xkbqilaewoq,Virtual Tutorial Series PART 2: Open-Source Tools & Open-Access Solar Data - YouTube,2025-05-02,Bookmarks bar/PVmodelling | Bookmarks bar,PV_Modelling_Tools,,Python,video,content:pvlib|pv-tutorials|pvcollada|pysam
https://www.youtube.com/watch?v=T4LJd894JsE,youtube.com/watch?v=t4ljd894jse,Virtual Tutorial Series PART 3: Open-Source Tools & Open-Access Solar Data - YouTube,2025-05-02,Bookmarks bar/PVmodelling,PV_Modelling_Tools,,Python,video,content:pvlib|pv-tutorials|pvcollada|pysam
https://townsendsnowdustmodel.streamlit.app/,townsendsnowdustmodel.streamlit.app,Solar Snow and Dust Loss Calculator (Townsend Model) · Streamlit,2026-04-04,Bookmarks bar/PVmodelling,PV_in_Nordic_Climates,,PV_Modelling_Tools,tool,content:pvlib.*snow|townsendsnowdustmodel|
https://pv-tutorials.github.io/,pv-tutorials.github.io,Index — pvlib tutorials,2024-08-06,Bookmarks bar/PVmodelling,PV_Modelling_Tools,,Python,tool,content:pvlib|pv-tutorials|pvcollada|pysam
https://pvradar.com/product/python-package/use-cases,pvradar.com/product/python-package/use-cases,PVRADAR: Use-Cases and Example Notebooks,2025-06-23,Bookmarks bar/PVmodelling,PV_Modelling_Tools,,Python,tool,content:pvlib|pv-tutorials|pvcollada|pysam
https://openpvtools.readthedocs.io/en/latest/,openpvtools.readthedocs.io/en/latest,Open Source Tools for PV Modeling — openpvtools documentation,2025-02-28,Bookmarks bar/PVmodelling,PV_Modelling_Tools,,Python,tool,content:pvlib|pv-tutorials|pvcollada|pysam
https://pvcaptest.readthedocs.io/en/stable/index.html,pvcaptest.readthedocs.io/en/stable,PVCAPtest — pvcaptest v0.13.1 documentation,2024-09-15,Bookmarks bar/PVmodelling,PV_System_Performance,,PV_Modelling_Tools,tool,content:rdtools|pvanalytics|pvcaptest|sola
https://pvanalytics.readthedocs.io/en/stable/index.html,pvanalytics.readthedocs.io/en/stable,PVAnalytics — PVAnalytics documentation,2024-07-04,Bookmarks bar/PVmodelling,PV_System_Performance,,PV_Modelling_Tools,tool,content:rdtools|pvanalytics|pvcaptest|sola
https://solar-data-tools.readthedocs.io/en/main/index.html,solar-data-tools.readthedocs.io/en/main,Welcome to the Solar Data Tools Docs! — Solar Data Tools 1.7.0 documentation,2025-05-02,Bookmarks bar/PVmodelling,PV_System_Performance,,PV_Modelling_Tools,tool,content:rdtools|pvanalytics|pvcaptest|sola
https://rdtools.readthedocs.io/en/stable/,rdtools.readthedocs.io/en/stable,RdTools Overview — RdTools 0+untagged.518.g076ebff documentation,2025-09-25,Bookmarks bar/PVmodelling,PV_System_Performance,,PV_Modelling_Tools,tool,content:rdtools|pvanalytics|pvcaptest|sola
https://rdtools.readthedocs.io/en/stable/examples/degradation_and_soiling_example.html,rdtools.readthedocs.io/en/stable/examples/degradation_and_soiling_example,Degradation and soiling example — RdTools 3.0.0 documentation,2025-03-19,Bookmarks bar/PVmodelling,PV_System_Performance,,PV_Modelling_Tools,tool,content:rdtools|pvanalytics|pvcaptest|sola
https://topfarm.pages.windenergy.dtu.dk/hydesign/notebooks/Simple_Sizing_P2X_Example.html,topfarm.pages.windenergy.dtu.dk/hydesign/notebooks/simple_sizing_p2x_example,HyDesign Sizing P2X Example — hydesign 1.5.2 documentation,2025-06-08,Bookmarks bar/PVmodelling,Energy_Transition_and_Scenarios,Hybrid Plants and Power-to-X,Python,tool,manual:hybrid plant sizing
https://pvdegradationtools.readthedocs.io/en/stable/index.html,pvdegradationtools.readthedocs.io/en/stable,Welcome to pvdeg! — pvdeg 0.5.0 documentation,2025-03-19,Bookmarks bar/PVmodelling,PV_System_Performance,,PV_Modelling_Tools,tool,content:rdtools|pvanalytics|pvcaptest|sola
https://github.com/PV-Tutorials/2025_pvlib_UNM,github.com/pv-tutorials/2025_pvlib_unm,PV-Tutorials/2025_pvlib_UNM: Training for UNM class,2025-05-02,Bookmarks bar/PVmodelling,PV_Modelling_Tools,,Python,tool,content:pvlib|pv-tutorials|pvcollada|pysam
https://pv-tutorials.github.io/2024_Analytics_Webinar/README.html,pv-tutorials.github.io/2024_analytics_webinar/readme,OSS Webinar 2 Python Tutorial,2025-05-02,Bookmarks bar/PVmodelling,PV_Modelling_Tools,,Python,tool,content:pvlib|pv-tutorials|pvcollada|pysam
https://pv-tutorials.github.io/2024_Modeling_Webinar/README.html,pv-tutorials.github.io/2024_modeling_webinar/readme,OSS Webinar 3 Python Tutorial,2025-05-02,Bookmarks bar/PVmodelling,PV_Modelling_Tools,,Python,tool,content:pvlib|pv-tutorials|pvcollada|pysam
https://github.com/AssessingSolar/AssessingSolar/tree/main,github.com/assessingsolar/assessingsolar/tree/main,AssessingSolar/AssessingSolar: Solar Resource Assessment in Python,2025-03-15,Bookmarks bar/PVmodelling,PV_Modelling_Tools,,Python,tool,content:pvlib|pv-tutorials|pvcollada|pysam
https://www.pvsyst.com/help-pvsyst7/pv-collada-file-format.htm,pvsyst.com/help-pvsyst7/pv-collada-file-format,Project design > Shadings > Near Shadings: Import > PV Collada file format,2024-11-21,Bookmarks bar/PVmodelling,Site_Layout_and_Civil_Design,,PV_Modelling_Tools;3D_Geovisualization,reference,content:pvsyst\.com/help.*collada|collada-
https://assessingsolar.org/intro.html,assessingsolar.org/intro,Introduction — Solar Resource Assessment in Python,2024-07-06,Bookmarks bar/PVmodelling,PV_Modelling_Tools,,Python,tool,content:pvlib|pv-tutorials|pvcollada|pysam
https://power.larc.nasa.gov/api/pages/#/Data%20Requests/single_point_data_request_api_temporal_hourly_point_get,power.larc.nasa.gov/api/pages/#/data%20requests/single_point_data_request_api_temporal_hourly_point_get,NASA POWER | API Pages,2025-05-14,Bookmarks bar/PVmodelling,Solar_and_Weather_Data,,Solar_Radiation_Modelling,api,content:strang|smhi\.se|opendata\.smhi|sky
https://pvfree.azurewebsites.net/cec_modules/,pvfree.azurewebsites.net/cec_modules,PV Free,2025-05-02,Bookmarks bar/PVmodelling,Solar_and_Weather_Data,,Solar_Radiation_Modelling,api,content:strang|smhi\.se|opendata\.smhi|sky
https://github.com/NREL/SAM/blob/develop/deploy/libraries/CEC%20Modules.csv,github.com/nrel/sam/blob/develop/deploy/libraries/cec%20modules.csv,SAM/deploy/libraries/CEC Modules.csv at develop · NREL/SAM,2025-05-03,Bookmarks bar/PVmodelling,Solar_and_Weather_Data,,Solar_Radiation_Modelling,api,content:strang|smhi\.se|opendata\.smhi|sky
https://solcast.github.io/solcast-api-python-sdk/,solcast.github.io/solcast-api-python-sdk,Solcast API Python SDK,2025-03-15,Bookmarks bar/PVmodelling,Solar_and_Weather_Data,,Solar_Radiation_Modelling,api,content:strang|smhi\.se|opendata\.smhi|sky
https://gdal.org/,gdal.org,GDAL — GDAL documentation,2024-02-19,Bookmarks bar/PVmodelling,Geospatial_Python,,Python;QGIS,tool,content:geo-python|autogis|pythongis|geopy
https://neteler.org/blog/will-the-sun-shine-on-us/,neteler.org/blog/will-the-sun-shine-on-us,Will the sun shine on us?,2024-04-01,Bookmarks bar/PVmodelling,Solar_Radiation_Modelling,,PV_Modelling_Tools,tutorial,content:r\.sun|pcsrt|neteler\.org|earthsun
https://pvlib-python.readthedocs.io/en/stable/index.html,pvlib-python.readthedocs.io/en/stable,pvlib python — pvlib python 0.10.3 documentation,2024-02-19,Bookmarks bar/PVmodelling,PV_Modelling_Tools,,Python,tool,content:pvlib|pv-tutorials|pvcollada|pysam
https://pvlib-python--1378.org.readthedocs.build/en/1378/user_guide/storage.html,pvlib-python--1378.org.readthedocs.build/en/1378/user_guide/storage,Storage — pvlib python 0.9.4.dev4+gbc2abfb documentation,2024-07-04,Bookmarks bar/PVmodelling,Energy_Storage,,PV_Modelling_Tools,tool,content:pvlib.*storage|battery
https://github.com/Peque/pvlib-python/blob/storage/pvlib/battery.py,github.com/peque/pvlib-python/blob/storage/pvlib/battery.py,pvlib-python/pvlib/battery.py at storage · Peque/pvlib-python,2024-07-07,Bookmarks bar/PVmodelling,Energy_Storage,,PV_Modelling_Tools,tool,content:pvlib.*storage|battery
https://pvlib-python.readthedocs.io/en/stable/_modules/pvlib/snow.html,pvlib-python.readthedocs.io/en/stable/_modules/pvlib/snow,pvlib.snow — pvlib python 0.11.0 documentation,2024-07-26,Bookmarks bar/PVmodelling,PV_in_Nordic_Climates,,PV_Modelling_Tools,tool,content:pvlib.*snow|townsendsnowdustmodel|
https://numpy.org/numpy-financial/latest/irr.html#numpy_financial.irr,numpy.org/numpy-financial/latest/irr,irr — numpy-financial documentation,2024-02-19,Bookmarks bar/PVmodelling,PV_Economics_and_LCA,,PV_Modelling_Tools,tool,content:numpy-financial|incer-acv|modeling
https://power.larc.nasa.gov/docs/tutorials/api-getting-started/,power.larc.nasa.gov/docs/tutorials/api-getting-started,NASA POWER | Docs | Tutorials | API Getting Started - NASA POWER | Docs,2024-02-15,Bookmarks bar/PVmodelling,Solar_and_Weather_Data,,Solar_Radiation_Modelling,api,content:strang|smhi\.se|opendata\.smhi|sky
https://modis.gsfc.nasa.gov/data/dataprod/mod43.php,modis.gsfc.nasa.gov/data/dataprod/mod43.php,MODIS Web,2024-02-15,Bookmarks bar/PVmodelling,Bifacial_PV_and_Albedo,,Solar_and_Weather_Data,dataset,content:albedo|mcd43|mod43|bifacial
https://www.smhi.se/data/utforskaren-oppna-data/yttackande-modell-for-solstralning-strang,smhi.se/data/utforskaren-oppna-data/yttackande-modell-for-solstralning-strang,Utforskaren - Öppna data | SMHI,2024-02-15,Bookmarks bar/PVmodelling,Solar_and_Weather_Data,,Solar_Radiation_Modelling,api,content:strang|smhi\.se|opendata\.smhi|sky
https://opendata.smhi.se/apidocs/strang/#params,opendata.smhi.se/apidocs/strang,SMHI Open Data API Docs - Meteorological Analysis STRÅNG,2024-02-15,Bookmarks bar/PVmodelling,Solar_and_Weather_Data,,Solar_Radiation_Modelling,api,content:strang|smhi\.se|opendata\.smhi|sky
https://pbpython.com/monte-carlo.html,pbpython.com/monte-carlo,Monte Carlo Simulation with Python - Practical Business Python,2024-02-15,Bookmarks bar/PVmodelling,Statistics_and_Data_Analysis,,Python,tutorial,content:pymc|monte-carlo|monte carlo|arima
https://www.pymc.io/welcome.html,pymc.io/welcome,Home — PyMC project website,2024-02-15,Bookmarks bar/PVmodelling,Statistics_and_Data_Analysis,,Python,tool,content:pymc|monte-carlo|monte carlo|arima
https://cds.climate.copernicus.eu/cdsapp#!/dataset/satellite-albedo,cds.climate.copernicus.eu/cdsapp#!/dataset/satellite-albedo,Surface albedo 10-daily gridded data from 1981 to present,2024-02-15,Bookmarks bar/PVmodelling,Bifacial_PV_and_Albedo,,Solar_and_Weather_Data,dataset,content:albedo|mcd43|mod43|bifacial
https://lpdaac.usgs.gov/products/mcd43c3v061/,lpdaac.usgs.gov/products/mcd43c3v061,LP DAAC - MCD43C3,2024-02-15,Bookmarks bar/PVmodelling,Bifacial_PV_and_Albedo,,Solar_and_Weather_Data,dataset,content:albedo|mcd43|mod43|bifacial
https://github.com/hblyp/pcsrt,github.com/hblyp/pcsrt,GitHub - hblyp/pcsrt,2024-02-28,Bookmarks bar/PVmodelling,Solar_Radiation_Modelling,,PV_Modelling_Tools,tool,content:r\.sun|pcsrt|neteler\.org|earthsun
https://manpages.ubuntu.com/manpages/noble/man1/r.sun.1grass.html,manpages.ubuntu.com/manpages/noble/man1/r.sun.1grass,Ubuntu Manpage: r.sun - Solar irradiance and irradiation model.,2024-02-28,Bookmarks bar/PVmodelling,Solar_Radiation_Modelling,,Python;QGIS,tool,manual:GRASS solar irradiance module
https://renewable-analytics.netlify.app/2018/04/17/solar-irradiance-transposition-using-pvlib-in-r/,renewable-analytics.netlify.app/2018/04/17/solar-irradiance-transposition-using-pvlib-in-r,Solar Irradiance Transposition using PVLIB in R,2024-04-01,Bookmarks bar/PVmodelling,Solar_Radiation_Modelling,,Python,tool,manual:transposition worked example
https://drajmarsh.bitbucket.io/earthsun.html,drajmarsh.bitbucket.io/earthsun,PD: Earth/Sun,2024-06-07,Bookmarks bar/PVmodelling,Solar_Radiation_Modelling,,PV_Modelling_Tools,tool,content:r\.sun|pcsrt|neteler\.org|earthsun
https://pv-tutorials.github.io/pyData-2021-Solar-PV-Modeling/Tutorial%201%20-%20TMY%20Weather%20Data.html,pv-tutorials.github.io/pydata-2021-solar-pv-modeling/tutorial%201%20-%20tmy%20weather%20data,"Tutorial 1 - Weather Data: Accesing it, understanding it, visualizing it! — PyData 2021: Solar PV Modeling",2024-07-04,Bookmarks bar/PVmodelling,PV_Modelling_Tools,,Python,tool,content:pvlib|pv-tutorials|pvcollada|pysam
https://gist.github.com/karpathy/442a6bf555914893e9891c11519de94f,gist.github.com/karpathy/442a6bf555914893e9891c11519de94f,llm-wiki,2026-08-24,Bookmarks bar,Agentic_Coding,,Knowledge_Management,tool,content:llm-wiki|karpathy
https://www.svk.se/aktorsportalen/bidra-med-reserver/handel-prissattning/,svk.se/aktorsportalen/bidra-med-reserver/handel-prissattning,Handel och prissättning | Svenska kraftnät,2026-08-24,Bookmarks bar,Electricity_Markets_and_Prices,,Energy_Market_and_Grid_Data,regulation,content:svk\.se|handel-prissattning
https://transparency.entsoe.eu/,transparency.entsoe.eu/?appstate=%7b%22sa%22%3a%5b%5d%2c%22st%22%3a%22bzn%22%2c%22mm%22%3atrue%2c%22ma%22%3afalse%2c%22sp%22%3a%22closed%22%2c%22dt%22%3anull%2c%22df%22%3anull%2c%22tz%22%3a%22cet%22%7d,Transparency Platform,2026-05-12,Bookmarks bar,Energy_Market_and_Grid_Data,,Electricity_Markets_and_Prices,api,content:transparency\.entsoe|nordpoolgroup
https://www.jalalkazempour.com/teaching/msc-renewables-in-electricity-markets,jalalkazempour.com/teaching/msc-renewables-in-electricity-markets,Jalal Kazempour - MSc: Renewables in Electricity Markets,2025-12-15,Bookmarks bar,Energy_Transition_and_Scenarios,,Electricity_Markets_and_Prices,portal,content:energy-charts|electricitymap|scena
https://www.youtube.com/playlist?list=PLwngpBwa_6_IGlQ3v00Qm1YZXfODHpJHf,youtube.com/playlist?list=plwngpbwa_6_iglq3v00qm1yzxfodhpjhf,"Decision-making under Uncertainty (Spring 2026), Technical University of Denmark (DTU) - YouTube",2026-06-03,Bookmarks bar,Optimization_and_Decision_Making,,Python,video,content:spopt|linear-programming|algorithm
https://www.energytransitionacademy.net/learn/system-advisor-model-sam/lessons/1-overview-of-sam-capabilities/,energytransitionacademy.net/learn/system-advisor-model-sam/lessons/1-overview-of-sam-capabilities,1. Overview of SAM Capabilities – Energy Transition Academy,2026-03-09,Bookmarks bar,PV_Modelling_Tools,,Python,course,content:pvlib|pv-tutorials|pvcollada|pysam
https://realpython.com/linear-programming-python/,realpython.com/linear-programming-python,Hands-On Linear Programming: Optimization With Python – Real Python,2022-11-01,Bookmarks bar,Optimization_and_Decision_Making,,Python,course,content:spopt|linear-programming|algorithm
https://github.com/pvlib/pvcollada,github.com/pvlib/pvcollada,GitHub - pvlib/pvcollada: Working files for the PVCollada specification,2025-08-28,Bookmarks bar,PV_Modelling_Tools,,Python,tool,content:pvlib|pv-tutorials|pvcollada|pysam
https://www.youtube.com/watch?v=BUOT0zVAu3Q,youtube.com/watch?v=buot0zvau3q,NoiseModelling in QGIS - YouTube,2025-09-16,Bookmarks bar,Noise_Modelling,,Permitting_and_Environmental_Assessment,video,content:noisemodelling|noisetools\.net|dbm
https://pvlib.github.io/pvcollada/,pvlib.github.io/pvcollada,PVCollada | pvcollada,2025-08-28,Bookmarks bar,PV_Modelling_Tools,,Python,tool,content:pvlib|pv-tutorials|pvcollada|pysam
https://noisetools.net/dbmap/,noisetools.net/dbmap,dBmap.net Noise Mapping Tool,2025-08-15,Bookmarks bar,Noise_Modelling,,Permitting_and_Environmental_Assessment,tool,content:noisemodelling|noisetools\.net|dbm
https://courses.spatialthoughts.com/qgis-expressions.html,courses.spatialthoughts.com/qgis-expressions,QGIS Expressions Masterclass (Workshop Material),2025-07-25,Bookmarks bar,QGIS,,PyQGIS_and_GIS_Automation,course,content:qgistutorials|docs\.qgis\.org|qgis
https://courses.spatialthoughts.com/automating-gis-workflows.html,courses.spatialthoughts.com/automating-gis-workflows,Automating GIS Workflows with QGIS (Full Workshop),2025-07-25,Bookmarks bar,PyQGIS_and_GIS_Automation,,QGIS;Geospatial_Python,course,content:pyqgis|qgis_process|qgis-actions|q
https://www.youtube.com/watch?v=0YxjJ-9zIJ0,youtube.com/watch?v=0yxjj-9zij0,QGIS User 0010 - Geometry Generator - YouTube,2025-08-28,Bookmarks bar,QGIS,,PyQGIS_and_GIS_Automation,video,content:qgistutorials|docs\.qgis\.org|qgis
https://gispro.gishub.org/index.html,gispro.gishub.org,Introduction to GIS Programming — Introduction to GIS Programming,2025-07-24,Bookmarks bar,Geospatial_Python,,Python;QGIS,course,content:geo-python|autogis|pythongis|geopy
https://github.com/Grid2op/grid2op,github.com/grid2op/grid2op,GitHub - Grid2op/grid2op: Grid2Op a testbed platform to model sequential decision making in power systems.,2025-09-05,Bookmarks bar,Power_Systems_and_Grid_Integration,,Energy_Market_and_Grid_Data,tool,content:mimer\.svk|fingrid\.fi/en/grid|kar
https://www.geeksforgeeks.org/waterfall-charts-in-python/,geeksforgeeks.org/waterfall-charts-in-python,Waterfall Charts in Python - GeeksforGeeks,2025-03-12,Bookmarks bar,Data_Visualization,,QGIS;Python,tutorial,content:dataplotly|waterfall chart|charts 
https://www-sciencedirect-com.www.bibproxy.du.se/science/article/pii/S0306261925005562?via%3Dihub#s0080,www-sciencedirect-com.www.bibproxy.du.se/science/article/pii/s0306261925005562?via%3dihub,"Economic evaluation of one-axis, vertical, and elevated agrivoltaic systems across Europe: a Monte Carlo Analysis - ScienceDirect",2025-04-25,Bookmarks bar,Agrivoltaics,,Python,tutorial,manual:economics of agrivoltaic layouts
https://www.youtube.com/watch?v=AbJrgekiXv8,youtube.com/watch?v=abjrgekixv8,Modeling Incentives in SAM - YouTube,2024-12-12,Bookmarks bar,PV_Economics_and_LCA,,PV_Modelling_Tools,video,content:numpy-financial|incer-acv|modeling
https://www.energytransitionacademy.net/learn/system-advisor-model-sam/,energytransitionacademy.net/learn/system-advisor-model-sam,System Advisor Model (SAM) – Energy Transition Academy,2025-01-16,Bookmarks bar,PV_Modelling_Tools,,Python,course,content:pvlib|pv-tutorials|pvcollada|pysam
https://en.wikipedia.org/wiki/Taylor_diagram,en.wikipedia.org/wiki/taylor_diagram,Taylor diagram - Wikipedia,2025-05-13,Bookmarks bar,Statistics_and_Data_Analysis,,Python,tutorial,content:pymc|monte-carlo|monte carlo|arima
https://geosupportsystem.se/2017/08/10/vader-i-qgis/,geosupportsystem.se/2017/08/10/vader-i-qgis,Väder i QGIS? – Geosupportsystem,2025-06-11,Bookmarks bar,QGIS,,PyQGIS_and_GIS_Automation,tutorial,content:qgistutorials|docs\.qgis\.org|qgis
https://www.dtu.dk/english/education/graduate/msc-programmes/sustainable-energy-systems,dtu.dk/english/education/graduate/msc-programmes/sustainable-energy-systems,Get a Master’s degree in Sustainable Energy - Systems,2025-06-10,Bookmarks bar,Energy_Transition_and_Scenarios,,Electricity_Markets_and_Prices,portal,content:energy-charts|electricitymap|scena
https://www.youtube.com/playlist?list=PLj6pNSgoumyfNUw0T_dOv5g6QzDf6tHmq,youtube.com/playlist?list=plj6pnsgoumyfnuw0t_dov5g6qzdf6thmq,Optimization - YouTube,2024-12-09,Bookmarks bar,Optimization_and_Decision_Making,,Python,video,content:spopt|linear-programming|algorithm
https://algorithmsbook.com/optimization/,algorithmsbook.com/optimization,Algorithms for Optimization,2024-12-08,Bookmarks bar,Optimization_and_Decision_Making,,Python,course,content:spopt|linear-programming|algorithm
https://colab.research.google.com/github/jakevdp/PythonDataScienceHandbook/blob/master/notebooks/03.11-Working-with-Time-Series.ipynb,colab.research.google.com/github/jakevdp/pythondatasciencehandbook/blob/master/notebooks/03.11-working-with-time-series.ipynb,03.11-Working-with-Time-Series.ipynb - Colab,2024-11-10,Bookmarks bar,Statistics_and_Data_Analysis,,Python,tutorial,content:pymc|monte-carlo|monte carlo|arima
https://towardsdatascience.com/time-series-forecasting-with-arima-sarima-and-sarimax-ee61099e78f6,towardsdatascience.com/time-series-forecasting-with-arima-sarima-and-sarimax-ee61099e78f6,"Time Series Forecasting with ARIMA , SARIMA and SARIMAX | by Brendan Artley | Towards Data Science",2024-11-01,Bookmarks bar,Statistics_and_Data_Analysis,,Python,tutorial,content:pymc|monte-carlo|monte carlo|arima
https://bookdown.org/einavg7/sp_technical_guide/#introduction,bookdown.org/einavg7/sp_technical_guide,Technical Guide for Estimating Building Rooftop Solar Potential in a City,2024-10-21,Bookmarks bar,Building_Integrated_PV,,Urban_Planning,course,content:rooftop solar po|sp_technical_guid
https://github.com/jakevdp/PythonDataScienceHandbook/tree/master/notebooks,github.com/jakevdp/pythondatasciencehandbook/tree/master/notebooks,PythonDataScienceHandbook/notebooks at master · jakevdp/PythonDataScienceHandbook,2024-11-09,Bookmarks bar,Python,,Statistics_and_Data_Analysis,tool,content:pythondatasciencehandbook|colab\.r
https://medium.com/@hammad.ai/create-an-invoice-generator-using-python-jinja2-weasyprint-48ef1f450ac5,medium.com/@hammad.ai/create-an-invoice-generator-using-python-jinja2-weasyprint-48ef1f450ac5,"Create An Invoice Generator Using Python, Jinja2 & Weasyprint | by M. Hammad Hassan | Medium",2024-11-09,Bookmarks bar,Reporting_and_Publishing,,Python,tutorial,content:pylatex|weasyprint|jupyterbook|jup
https://rios.hashnode.dev/unlocking-the-power-of-weasyprint-generating-dynamic-pdf-reports-with-python,rios.hashnode.dev/unlocking-the-power-of-weasyprint-generating-dynamic-pdf-reports-with-python,Unlocking the Power of WeasyPrint: Generating Dynamic PDF Reports with,2024-10-21,Bookmarks bar,Reporting_and_Publishing,,Python,tutorial,content:pylatex|weasyprint|jupyterbook|jup
https://cartogis.readthedocs.io/en/latest/index.html,cartogis.readthedocs.io/en/latest,Cartographic Visualization in GIS 2024,2024-10-29,Bookmarks bar,Cartography_and_Map_Design,,QGIS,tool,content:cartogis|terrain cartography|qgis-
https://www.youtube.com/watch?v=-xzoVF7Z7u0,youtube.com/watch?v=-xzovf7z7u0,QGIS User 0027 - Styling Contour Lines - YouTube,2024-10-15,Bookmarks bar,Terrain_and_Lidar,,QGIS,video,content:aspect-slope|contour lines|cut.vol
https://www.youtube.com/watch?v=4Rtwqv_z-F4,youtube.com/watch?v=4rtwqv_z-f4,QGIS Expressions: Hidden Gems and Unexpected Possibilities - YouTube,2024-09-10,Bookmarks bar,QGIS,,PyQGIS_and_GIS_Automation,video,content:qgistutorials|docs\.qgis\.org|qgis
https://www.qgistutorials.com/en/docs/3/interactive_reveal_maps.html,qgistutorials.com/en/docs/3/interactive_reveal_maps,Making Interactive Reveal Maps (QGIS3) — QGIS Tutorials and Tips,2024-09-11,Bookmarks bar,Cartography_and_Map_Design,,PyQGIS_and_GIS_Automation,tutorial,manual:interactive map output
https://courses.spatialthoughts.com/qgis-cloud-native-geospatial.html,courses.spatialthoughts.com/qgis-cloud-native-geospatial,Cloud Native Geospatial Workflows with QGIS (Full workshop),2024-09-11,Bookmarks bar,QGIS,,PyQGIS_and_GIS_Automation,course,content:qgistutorials|docs\.qgis\.org|qgis
https://www.statsmodels.org/dev/examples/notebooks/generated/mstl_decomposition.html,statsmodels.org/dev/examples/notebooks/generated/mstl_decomposition,Multiple Seasonal-Trend decomposition using LOESS (MSTL) - statsmodels 0.15.0 (+331),2024-08-23,Bookmarks bar,Statistics_and_Data_Analysis,,Python,tool,content:pymc|monte-carlo|monte carlo|arima
https://www.qgistutorials.com/en/docs/3/interactive_canvas_maps.html,qgistutorials.com/en/docs/3/interactive_canvas_maps,Making Interactive Canvas Maps (QGIS3) — QGIS Tutorials and Tips,2024-08-21,Bookmarks bar,Cartography_and_Map_Design,,PyQGIS_and_GIS_Automation,tutorial,manual:interactive map output
https://www.qgistutorials.com/en/docs/3/processing_algorithms_pyqgis.html,qgistutorials.com/en/docs/3/processing_algorithms_pyqgis,Running Processing Algorithms via Python (QGIS3) — QGIS Tutorials and Tips,2024-07-25,Bookmarks bar,PyQGIS_and_GIS_Automation,,QGIS;Geospatial_Python,tutorial,content:pyqgis|qgis_process|qgis-actions|q
https://www.youtube.com/watch?v=Wmjlzge8kG4,youtube.com/watch?v=wmjlzge8kg4,SAM's Merchant Plant with Cambium API Integration - YouTube,2024-07-05,Bookmarks bar,Electricity_Markets_and_Prices,,PV_Modelling_Tools,video,content:cambium|merchant plant
https://developers.nordpoolgroup.com/reference/data-faq#--how-do-i-get-started-with-the-day-ahead-market-data-apis,developers.nordpoolgroup.com/reference/data-faq,FAQ,2024-07-19,Bookmarks bar,Energy_Market_and_Grid_Data,,Electricity_Markets_and_Prices,api,content:transparency\.entsoe|nordpoolgroup
https://www.mate-tee.de/,mate-tee.de,Mate Tee online kaufen ➤ Yerba Mate ➤ Genuss-Erlebnis | Mate-Tee.de,2024-07-18,Bookmarks bar,Unsorted,Hobby Projects,,reference,manual:hobby project
https://sam.nrel.gov/battery-storage/battery-videos.html,sam.nrel.gov/battery-storage/battery-videos,Battery Videos - System Advisor Model - SAM.,2024-07-04,Bookmarks bar,Energy_Storage,,PV_Modelling_Tools,tool,content:pvlib.*storage|battery
https://spatialthoughts.com/2021/03/15/gis-in-urban-and-regional-planning/,spatialthoughts.com/2021/03/15/gis-in-urban-and-regional-planning,GIS Applications in Urban and Regional Planning – Spatial Thoughts,2024-06-25,Bookmarks bar,Urban_Planning,,PyQGIS_and_GIS_Automation,tutorial,manual:GIS in planning
https://jupyterbook.org/en/stable/start/build.html,jupyterbook.org/en/stable/start/build,Build your book,2024-05-18,Bookmarks bar,Reporting_and_Publishing,,Python,tool,content:pylatex|weasyprint|jupyterbook|jup
https://www.qgistutorials.com/en/docs/3/contour_3d_styling.html,qgistutorials.com/en/docs/3/contour_3d_styling,Styling Contours in 3D (QGIS3) — QGIS Tutorials and Tips,2024-06-07,Bookmarks bar,Terrain_and_Lidar,,PyQGIS_and_GIS_Automation,tutorial,manual:contours from a DEM
https://www.youtube.com/watch?v=UO3pQa4reWI,youtube.com/watch?v=uo3pqa4rewi,QGIS User 0050 - Charts and Diagrams - YouTube,2024-05-07,Bookmarks bar,Data_Visualization,,QGIS;Python,video,content:dataplotly|waterfall chart|charts 
https://spatialthoughts.com/2022/07/30/qgis_process_command_line/,spatialthoughts.com/2022/07/30/qgis_process_command_line,Running QGIS Processing Tools on the Command Line with qgis_process – Spatial Thoughts,2024-04-24,Bookmarks bar,PyQGIS_and_GIS_Automation,,QGIS;Geospatial_Python,tutorial,content:pyqgis|qgis_process|qgis-actions|q
https://www.pvsyst.com/help/multi-mppt_more-examples.htm,pvsyst.com/help/multi-mppt_more-examples,Project design > Grid-connected system definition > Multi-MPPT inverters > Multi-MPPT : more examples,2024-02-26,Bookmarks bar,PV_Electrical_Design_and_Inverters,,PV_System_Performance,reference,content:sma-sunny|sma\.de|multi-mppt|strin
https://www.sma-sunny.com/en/profitable-nightshift-for-inverters/,sma-sunny.com/en/profitable-nightshift-for-inverters,Profitable Nightshift for Inverters - Sunny. SMA Corporate Blog,2024-03-13,Bookmarks bar,PV_Electrical_Design_and_Inverters,,PV_System_Performance,tutorial,content:sma-sunny|sma\.de|multi-mppt|strin
https://www.sma.de/partner/expertenwissen/sma-verschiebt-die-phase,sma.de/partner/expertenwissen/sma-verschiebt-die-phase,Warum Blindleistung wichtig und richtig ist - und mit SMA Technik kein Problem | SMA Solar,2023-11-24,Bookmarks bar,PV_Electrical_Design_and_Inverters,,PV_System_Performance,reference,content:sma-sunny|sma\.de|multi-mppt|strin
https://www.sma-sunny.com/en/bad-power-factor-a-reason-to-oversize-your-inverter/,sma-sunny.com/en/bad-power-factor-a-reason-to-oversize-your-inverter,Bad Power Factor? - A reason to oversize your inverter - Sunny. SMA Corporate Blog,2022-03-11,Bookmarks bar,PV_Electrical_Design_and_Inverters,,PV_System_Performance,tutorial,content:sma-sunny|sma\.de|multi-mppt|strin
https://www.youtube.com/watch?v=AJJNX243k9E,youtube.com/watch?v=ajjnx243k9e,QGIS User 0036 - QGIS and Blender - YouTube,2023-07-12,Bookmarks bar,3D_Geovisualization,,QGIS,video,content:blender|cesium|qgis2threejs|unreal
https://www.youtube.com/watch?v=1X9L-R-RVGA,youtube.com/watch?v=1x9l-r-rvga,Bifacial_Radiance Software Training – Part 1 - YouTube,2020-08-19,Bookmarks bar,Bifacial_PV_and_Albedo,,Solar_and_Weather_Data,dataset,content:albedo|mcd43|mod43|bifacial
https://www.youtube.com/watch?v=3dioOl_Qf_A,youtube.com/watch?v=3diool_qf_a,Distributed vs Virtual Central String Inverter System Architecture (Recorded Webinar SPW 11-22-2018) - YouTube,2023-11-28,Bookmarks bar,PV_Electrical_Design_and_Inverters,,PV_System_Performance,video,content:sma-sunny|sma\.de|multi-mppt|strin
https://www.youtube.com/watch?v=AVwUHnZplVI,youtube.com/watch?v=avwuhnzplvi,How to Inspect a Solar Farm with a Drone - DJI Matrice XT2 - YouTube,2023-08-17,Bookmarks bar,Drones_and_Photogrammetry,,Remote_Sensing,video,content:opendronemap|webodm|pyodm|pix4d|me
https://noisemodelling.readthedocs.io/en/latest/Input_dem.html,noisemodelling.readthedocs.io/en/latest/input_dem,DEM — NoiseModelling 4.0.4 documentation,2023-04-26,Bookmarks bar,Noise_Modelling,,Permitting_and_Environmental_Assessment,tool,content:noisemodelling|noisetools\.net|dbm
https://www.opendronemap.org/fieldimager/,opendronemap.org/fieldimager,FIELDimageR - OpenDroneMap,2023-02-28,Bookmarks bar,Plant_Phenotyping_and_Image_Analysis,,Remote_Sensing,tool,manual:field image phenotyping
https://joint-research-centre.ec.europa.eu/pvgis-photovoltaic-geographical-information-system/pvgis-data-download/pvmaps_en,joint-research-centre.ec.europa.eu/pvgis-photovoltaic-geographical-information-system/pvgis-data-download/pvmaps_en,PVMAPS,2022-10-26,Bookmarks bar,Global_Datasets_and_Catalogs,,Solar_Radiation_Modelling,api,manual:JRC PVMAPS dataset
https://www.energy-charts.info/charts/price_spot_market/chart.htm,energy-charts.info/charts/price_spot_market/chart.htm?l=en&c=se&stacking=stacked_absolute_area,Energy-Charts,2022-09-14,Bookmarks bar,Energy_Transition_and_Scenarios,,Electricity_Markets_and_Prices,portal,content:energy-charts|electricitymap|scena
https://www.solarpowerworldonline.com/2014/07/ul-white-paper-getting-reliability-pv-installations/,solarpowerworldonline.com/2014/07/ul-white-paper-getting-reliability-pv-installations,UL White Paper: Getting More Reliability in PV Installations,2022-06-30,Bookmarks bar,PV_Degradation_and_Reliability,,PV_System_Performance,reference,content:solarpowerworldonline|getting-reli
https://www.explorist.life/solarwiringdiagrams/,explorist.life/solarwiringdiagrams,"DIY Solar Wiring Diagrams for Campers, Vans & RVs – EXPLORIST.life",2022-04-12,Bookmarks bar,Energy_Storage,,PV_Electrical_Design_and_Inverters,reference,content:explorist\.life|solarwiringdiagram
https://bifacial-radiance.readthedocs.io/en/latest/,bifacial-radiance.readthedocs.io/en/latest,bifacial_radiance,2020-11-03,Bookmarks bar,Bifacial_PV_and_Albedo,,Solar_and_Weather_Data,dataset,content:albedo|mcd43|mod43|bifacial
https://zbib.org/,zbib.org,ZoteroBib,2020-12-01,Bookmarks bar,Reporting_and_Publishing,,Python,tool,content:pylatex|weasyprint|jupyterbook|jup
https://iot.app.initialstate.com/#/tiles/bkt_7umy1jya518vk,iot.app.initialstate.com/#/tiles/bkt_7umy1jya518vk,RPi grow,2019-07-19,Bookmarks bar,Unsorted,Hobby Projects,,reference,manual:hobby project
https://github.com/NREL/bifacial_radiance/blob/master/docs/tutorials/1%20-%20Introductory%20Example%20-%20Fixed%20Tilt%20simple%20setup.ipynb,github.com/nrel/bifacial_radiance/blob/master/docs/tutorials/1%20-%20introductory%20example%20-%20fixed%20tilt%20simple%20setup.ipynb,bifacial_radiance/1 - Introductory Example - Fixed Tilt simple setup.ipynb at master · NREL/bifacial_radiance,2020-08-19,Bookmarks bar,Bifacial_PV_and_Albedo,,Solar_and_Weather_Data,dataset,content:albedo|mcd43|mod43|bifacial
https://gmb.io/pac/,gmb.io/pac,GMB,2018-03-26,Bookmarks bar,Unsorted,Hobby Projects,,reference,manual:hobby project
