folder,title,url,added,norm
Bookmarks bar/Helios/00 Admin,Fortnox,https://apps.fortnox.se/identity?target=payslip,2022-09-13,apps.fortnox.se/identity?target=payslip
Bookmarks bar/Helios/00 Admin,| Visma Tid,https://tid.vismaspcs.se/Start#,2022-09-01,tid.vismaspcs.se/start
Bookmarks bar/Helios/00 Admin,Xledger,https://www.xledger.net/,2023-10-05,xledger.net
Bookmarks bar/Helios/01 Legal,Samråd vid ändring av naturmiljön,"https://www.naturvardsverket.se/vagledning-och-stod/samhallsplanering/samrad-vid-andring-av-naturmiljon/#:~:text=En%20verksamhet%20eller%20%C3%A5tg%C3%A4rd%20som%20kan%20komma%20att%20v%C3%A4sentligt%20%C3%A4ndra,6%20%C2%A7%20milj%C3%B6balken.",2022-10-20,naturvardsverket.se/vagledning-och-stod/samhallsplanering/samrad-vid-andring-av-naturmiljon
Bookmarks bar/Helios/01 Legal,Solcellsparker,https://www.energimyndigheten.se/fornybart/solelportalen/lar-dig-mer-om-solceller/solcellsparker/,2022-10-20,energimyndigheten.se/fornybart/solelportalen/lar-dig-mer-om-solceller/solcellsparker
Bookmarks bar/Helios/01 Legal,Anmälan för samråd enligt 12 kap 6 § miljöbalken för övriga verksamheter,https://www.e-tjanster.lansstyrelsen.se/formservice/formDownload?serviceName=lst_cfd_multiserv_formhotell_tr&scriptcomponent.cmtagname=trex-lst-samrad_ovrigt-cfd&service_name=samrad_ovrigt&skip.login=yes,2022-10-20,e-tjanster.lansstyrelsen.se/formservice/formdownload?servicename=lst_cfd_multiserv_formhotell_tr&scriptcomponent.cmtagname=trex-lst-samrad_ovrigt-cfd&service_name=samrad_ovrigt&skip.login=yes
Bookmarks bar/Helios/02 Drone,The Best Drone Solar Inspection Software For 2023 | The Drone Life,https://thedronelifenj.com/drone-solar-inspection-software/,2023-04-28,thedronelifenj.com/drone-solar-inspection-software
Bookmarks bar/Helios/02 Drone,The solar inspection software of your dreams • Scopito,http://scopito.com/solar-pv-inspection-software/#pricing,2023-04-28,scopito.com/solar-pv-inspection-software
Bookmarks bar/Helios/02 Drone,Raptor Solar - Raptor Maps,https://raptormaps.com/raptor-solar-software/,2023-04-28,raptormaps.com/raptor-solar-software
Bookmarks bar/Helios/02 Drone,Dashboard | WebODM,https://webodm.net/dashboard,2022-09-21,webodm.net/dashboard
Bookmarks bar/Helios/02 Drone,Welcome to PyODM’s documentation! — PyODM documentation,https://pyodm.readthedocs.io/en/latest/,2022-10-18,pyodm.readthedocs.io/en/latest
Bookmarks bar/Helios/02 Drone,"Comparison: Same dataset, WebODM vs Agisoft Metashape - WebODM - OpenDroneMap Community",https://community.opendronemap.org/t/comparison-same-dataset-webodm-vs-agisoft-metashape/5280,2022-09-14,community.opendronemap.org/t/comparison-same-dataset-webodm-vs-agisoft-metashape/5280
Bookmarks bar/Helios/02 Drone,PIX4Dmapper: Professional photogrammetry software for drone mapping | Pix4D,https://www.pix4d.com/product/pix4dmapper-photogrammetry-software,2022-09-14,pix4d.com/product/pix4dmapper-photogrammetry-software
Bookmarks bar/Helios/02 Drone,Pricing | WebODM,https://webodm.net/pricing,2022-09-19,webodm.net/pricing
Bookmarks bar/Helios/02 Drone,Agriculture Drone | Drone for Farming | Agriculture Software | DroneDeploy,https://www.dronedeploy.com/solutions/agriculture/,2022-09-14,dronedeploy.com/solutions/agriculture
Bookmarks bar/Helios/02 Drone,Maps Made Easy - Pricing,https://www.mapsmadeeasy.com/pricing,2022-09-14,mapsmadeeasy.com/pricing
Bookmarks bar/Helios/02 Drone,"GitHub - OpenDroneMap/WebODM: User-friendly, commercial-grade software for processing aerial imagery. 🛩",https://github.com/OpenDroneMap/WebODM,2022-09-14,github.com/opendronemap/webodm
Bookmarks bar/Helios/02 Drone,Dashboard - WebODM,http://localhost:8000/dashboard/,2022-09-15,localhost:8000/dashboard
Bookmarks bar/Helios/02 Drone,OpenDroneMap Outputs — OpenDroneMap 2.9.1 documentation,https://docs.opendronemap.org/outputs/,2022-10-04,docs.opendronemap.org/outputs
Bookmarks bar/Helios/02 Drone,Utbildning för fjärrpiloter - Transportstyrelsen,https://transportstyrelsen.se/dronarkort-och-utbildning/,2022-10-13,transportstyrelsen.se/dronarkort-och-utbildning
Bookmarks bar/Helios/02 Drone,Welcome to the QGIS Python API documentation project,https://qgis.org/pyqgis/master/index.html,2022-10-19,qgis.org/pyqgis/master
Bookmarks bar/Helios/02 Drone,TUTORIAL Agisoft Metashape - orthophoto and DSM generation (with GCPs) - YouTube,https://www.youtube.com/watch?v=O--J8JrAB7M&ab_channel=JustynaJeziorska,2022-12-12,youtube.com/watch?v=o--j8jrab7m
Bookmarks bar/Helios/08 Safety design,Basic wind velocity of Sweden according to Eurocode,"https://www.dlubal.com/en/load-zones-for-snow-wind-earthquake/wind-bfs-201310-eks-9.html?¢er=61.47721130429398,19.282779218562535&zoom=5&marker=60.01723876310174,16.382388593562535#¢er=61.47721130429398,19.282779218562535&zoom=5&marker=60.0172387631017,16.3823885935625",2022-08-22,"dlubal.com/en/load-zones-for-snow-wind-earthquake/wind-bfs-201310-eks-9.html?¢er=61.47721130429398,19.282779218562535&zoom=5&marker=60.01723876310174,16.382388593562535"
Bookmarks bar/Helios/08 Safety design,Stormwater management for solar projects and determining compliance with the NPDES construction stormwater permit - Minnesota Stormwater Manual,https://stormwater.pca.state.mn.us/index.php/Stormwater_management_for_solar_projects_and_determining_compliance_with_the_NPDES_construction_stormwater_permit,2023-04-24,stormwater.pca.state.mn.us/index.php/stormwater_management_for_solar_projects_and_determining_compliance_with_the_npdes_construction_stormwater_permit
Bookmarks bar/Helios/08 Safety design,Glare and Reflection,https://www.forgesolar.com/help/,2022-12-07,forgesolar.com/help
Bookmarks bar/Helios/09 Norways HMS,Norgeskart,https://www.norgeskart.no/#!?project=norgeskart&layers=1002&zoom=3&lat=7197864.00&lon=396722.00,2022-11-16,norgeskart.no/#!?project=norgeskart&layers=1002&zoom=3&lat=7197864.00&lon=396722.00
Bookmarks bar/Helios/09 Norways HMS,Høydedata,https://hoydedata.no/LaserInnsyn2/,2023-03-28,hoydedata.no/laserinnsyn2
Bookmarks bar/Helios/09 Norways HMS,Kart - Kulturminnesøk,"https://www.kulturminnesok.no/kart/?q=&am-county=&lokenk=location&am-lok=&am-lokdating=&am-lokconservation=&am-enk=&am-enkdating=&am-enkconservation=&bm-county=&cp=1&bounds=60.21103028331885,10.325624942779541,60.201669187277524,10.356953144073486&zoom=16&id=",2023-05-16,"kulturminnesok.no/kart/?q=&am-county=&lokenk=location&am-lok=&am-lokdating=&am-lokconservation=&am-enk=&am-enkdating=&am-enkconservation=&bm-county=&cp=1&bounds=60.21103028331885,10.325624942779541,60.201669187277524,10.356953144073486&zoom=16&id="
Bookmarks bar/Helios/09 Norways HMS,Geocortex Essentials Sites Directory,https://atlas.nve.no/Geocortex/Essentials/REST/sites/Atlas3/map/mapservices,2026-04-17,atlas.nve.no/geocortex/essentials/rest/sites/atlas3/map/mapservices
Bookmarks bar/Helios/10 Finland Helios,MapSite | National Land Survey of Finland,https://www.maanmittauslaitos.fi/en/e-services/mapsite,2023-09-19,maanmittauslaitos.fi/en/e-services/mapsite
Bookmarks bar/Helios/10 Finland Helios,Download of open map materials of the Land Surveying Institute,https://kartat.kapsi.fi/,2024-09-03,kartat.kapsi.fi
Bookmarks bar/Helios/10 Finland Helios,API instructions,https://data.fingrid.fi/en/instructions,2024-09-13,data.fingrid.fi/en/instructions
Bookmarks bar/Helios/10 Finland Helios,SpatialWeb,https://karttapalaute.fingrid.fi/?setlanguage=sv#,2024-09-13,karttapalaute.fingrid.fi/?setlanguage=sv
Bookmarks bar/Helios/10 Finland Helios,Examine grid connections on a map - Fingrid,https://www.fingrid.fi/en/grid/grid-connection-agreement-phases/grid-scope/,2024-10-11,fingrid.fi/en/grid/grid-connection-agreement-phases/grid-scope
Bookmarks bar/Helios/10 Finland Helios,Instructions for using the API key | National Land Survey of Finland,https://www.maanmittauslaitos.fi/en/rajapinnat/api-avaimen-ohje,2024-09-05,maanmittauslaitos.fi/en/rajapinnat/api-avaimen-ohje
Bookmarks bar/Helios/10 Finland Helios,Beta Karttakuva Vector Tiles and Demos,https://beta-karttakuva.maanmittauslaitos.fi/index.html,2024-09-05,beta-karttakuva.maanmittauslaitos.fi
Bookmarks bar/Helios/10 Finland Helios,Download observations - Finnish Meteorological Institute,https://en.ilmatieteenlaitos.fi/download-observations,2024-09-03,en.ilmatieteenlaitos.fi/download-observations
Bookmarks bar/Helios/10 Finland Helios,Paikkatietoikkuna,https://kartta.paikkatietoikkuna.fi/?lang=sv,2023-12-15,kartta.paikkatietoikkuna.fi/?lang=sv
Bookmarks bar/Helios/10 Finland Helios,MapSite - National Land Survey of Finland,https://asiointi.maanmittauslaitos.fi/karttapaikka/?lang=en,2023-09-19,asiointi.maanmittauslaitos.fi/karttapaikka/?lang=en
Bookmarks bar/Helios/11 CMA -TCMA/Kungsåra,Kings Roar - as built docu,https://heliosnordic.sharepoint.com/sites/KingsRoarConstructionPhase/Delade%20dokument/Forms/AllItems.aspx?FolderCTID=0x0120001BAF8F179233DA408EDCD5BB545D97B1&id=%2Fsites%2FKingsRoarConstructionPhase%2FDelade%20dokument%2FGeneral%2FCMA%2F6%2E%20EPC%2F6%2E4%20Documentation%2FAs%20Built%20Dokumentation%20Kungs%C3%A5ra%2FAs%20Built%20Documentation&viewid=23be84f9-2a30-450c-89cd-c03a21f3ab8b,2024-02-22,heliosnordic.sharepoint.com/sites/kingsroarconstructionphase/delade%20dokument/forms/allitems.aspx?folderctid=0x0120001baf8f179233da408edcd5bb545d97b1&id=%2fsites%2fkingsroarconstructionphase%2fdelade%20dokument%2fgeneral%2fcma%2f6%2e%20epc%2f6%2e4%20documentation%2fas%20built%20dokumentation%20kungs%c3%a5ra%2fas%20built%20documentation&viewid=23be84f9-2a30-450c-89cd-c03a21f3ab8b
Bookmarks bar/Helios/11 CMA -TCMA/Kungsåra,Commerzreal Sharepoint,https://commerzreal-my.sharepoint.com/:f:/p/moritz_kissinger/EpxxnTt7vPpKvjBKm65fQVYBgJ7Z9CixD8ameqFXT_BCZg?e=Pu8LIf&xsdata=MDV8MDJ8bWFyY28uaGVybmFuZGV6QGhlbGlvc25vcmRpYy5jb218OTA0YzVlMDBlZDgxNDU3Njc2ODMwOGRkMzYxZmVhZGR8OWJlMGYzNGY5OGExNDA5MmFjMTZhN2RhMjY5MDBkMzB8MHwwfDYzODcyNjIzMjkxNzAzNTUzN3xVbmtub3dufFRXRnBiR1pzYjNkOGV5SkZiWEIwZVUxaGNHa2lPblJ5ZFdVc0lsWWlPaUl3TGpBdU1EQXdNQ0lzSWxBaU9pSlhhVzR6TWlJc0lrRk9Jam9pVFdGcGJDSXNJbGRVSWpveWZRPT18MHx8fA%3d%3d&sdata=VHhzdzJodE05ZVVUWGp4aUVYRWxvTWJRYlQzSVRNekxoU0ZacTlRQ1Fjbz0%3d,2025-02-26,commerzreal-my.sharepoint.com/:f:/p/moritz_kissinger/epxxntt7vppkvjbkm65fqvybgj7z9cixd8ameqfxt_bczg?e=pu8lif&xsdata=mdv8mdj8bwfyy28uagvybmfuzgv6qghlbglvc25vcmrpyy5jb218ota0yzvlmdblzdgxndu3njc2odmwogrkmzyxzmvhzgr8owjlmgyzngy5ogexnda5mmfjmtzhn2rhmjy5mdbkmzb8mhwwfdyzodcynjizmjkxnzazntuzn3xvbmtub3duffrxrnbir1pzyjnkogv5skziweiwzvuxagnha2lpblj5zfdvc0lswwlpaul3tgpbdu1eqxdnq0lzswxbau9pslhhvzr6twljc0lrrk9jam9pvfdgcgjdsxnjbgrvswpvewzrpt18mhx8fa%3d%3d&sdata=vhhzdzjode05zvvuwgp4auvyrwxvtwjrylqzsvrnekxou0zactlrq1fjbz0%3d
Bookmarks bar/Helios/11 CMA -TCMA/Kungsåra,Safe Solutions Portal,https://cloud.safesolutionsab.com/cameras/1669,2026-01-13,cloud.safesolutionsab.com/cameras/1669
Bookmarks bar/Helios/11 CMA -TCMA/Kungsåra,Gantner Webportal,https://solkompaniet.gantner-webportal.com/gantner/signin,2024-03-06,solkompaniet.gantner-webportal.com/gantner/signin
Bookmarks bar/Helios/11 CMA -TCMA/Kungsåra,Centrica Direct,https://direct.neasenergy.com/renewables/production,2024-11-05,direct.neasenergy.com/renewables/production
Bookmarks bar/Helios/11 CMA -TCMA/Kungsåra,iSolarCloud,https://www.isolarcloud.com/,2023-11-20,isolarcloud.com
Bookmarks bar/Helios/11 CMA -TCMA/Kungsåra,Login - Gantner.RAS,https://ras.gantner-webportal.com/login,2023-12-04,ras.gantner-webportal.com/login
Bookmarks bar/Helios/11 CMA -TCMA/Kungsåra,HeliosNAS - Synology NAS,https://heliosnordicnas.fr2.quickconnect.to/,2026-02-18,heliosnordicnas.fr2.quickconnect.to
Bookmarks bar/Helios/11 CMA -TCMA/Kungsåra,Synology Web Assistant,https://finds.synology.com/,2026-01-14,finds.synology.com
Bookmarks bar/Helios/11 CMA -TCMA/Gas Light,33390 Gaslight - HeliosWorkspace,https://solkompaniet365.sharepoint.com/sites/33390Gaslight/HeliosWorkspace/,2025-07-25,solkompaniet365.sharepoint.com/sites/33390gaslight/heliosworkspace
Bookmarks bar/Helios/11 CMA -TCMA/Wing Fields,33391 Wingfield - HeliosWorkspace,https://solkompaniet365.sharepoint.com/sites/33391Wingfield/HeliosWorkspace/,2025-07-25,solkompaniet365.sharepoint.com/sites/33391wingfield/heliosworkspace
Bookmarks bar/Helios,Design schedule FIN SWE.xlsx,https://heliosnordic.sharepoint.com/:x:/s/HeliosFinland/EY3yV2MrqaBCvh8HzOZPt_EBC3gf2cc-gy-Ecaef5VEZCw?wdOrigin=TEAMS-MAGLEV.p2p_ns.rwc&wdExp=TEAMS-TREATMENT&wdhostclicktime=1744099512475&web=1,2025-04-08,heliosnordic.sharepoint.com/:x:/s/heliosfinland/ey3yv2mrqabcvh8hzozpt_ebc3gf2cc-gy-ecaef5vezcw?wdorigin=teams-maglev.p2p_ns.rwc&wdexp=teams-treatment&wdhostclicktime=1744099512475&web=1
Bookmarks bar/Helios,Skyfallsstatistik: Regional statistik för extrema korttidsregn — SMHI,https://www.smhi.se/klimat/framtidens-klimat/skyfallsstatistik-regional-statistik-for-extrema-korttidsregn,2025-06-24,smhi.se/klimat/framtidens-klimat/skyfallsstatistik-regional-statistik-for-extrema-korttidsregn
Bookmarks bar/Helios,Top Performers | 2024 Kiwa PVEL PV Module Reliability Scorecard,https://scorecard.pvel.com/top-performers/,2025-04-29,scorecard.pvel.com/top-performers
Bookmarks bar/Helios,Skyfallsstatistik: Regional statistik för extrema korttidsregn — SMHI,https://www.smhi.se/klimat/framtidens-klimat/skyfallsstatistik-regional-statistik-for-extrema-korttidsregn,2026-03-26,smhi.se/klimat/framtidens-klimat/skyfallsstatistik-regional-statistik-for-extrema-korttidsregn
Bookmarks bar/Helios,POWER | DAV,https://power.larc.nasa.gov/data-access-viewer/,2024-12-11,power.larc.nasa.gov/data-access-viewer
Bookmarks bar/Helios,Sign-In | QFieldCloud,https://app.qfield.cloud/accounts/login/,2025-03-31,app.qfield.cloud/accounts/login
Bookmarks bar/Helios,electricityMap | Live CO₂ emissions of electricity consumption,https://app.electricitymap.org/zone/ES,2022-01-26,app.electricitymap.org/zone/es
Bookmarks bar/Helios,ISO 9223 C1-CX,https://www.engineeringdirector.com/iso9223-c1-x,2024-01-26,engineeringdirector.com/iso9223-c1-x
Bookmarks bar/Helios,FAO-magnifier - Clay content - Digital soil map of Sweden,https://gis-slu.maps.arcgis.com/apps/StorytellingSwipe/index.html?appid=e55d28b98d2241e0a6c91ae42073b52f,2022-11-22,gis-slu.maps.arcgis.com/apps/storytellingswipe/index.html?appid=e55d28b98d2241e0a6c91ae42073b52f
Bookmarks bar/Helios,Diagrams.net,https://app.diagrams.net/,2022-03-17,app.diagrams.net
Bookmarks bar/Helios,Min Karta,https://minkarta.lantmateriet.se/,2022-09-02,minkarta.lantmateriet.se
Bookmarks bar/Helios,IDF | SMHI - Hypeweb | SMHI,https://www.smhi.se/klimat/framtidens-klimat/skyfallsstatistik-regional-statistik-for-extrema-korttidsregn,2024-09-11,smhi.se/klimat/framtidens-klimat/skyfallsstatistik-regional-statistik-for-extrema-korttidsregn
Bookmarks bar/Helios,Regionala WebbGIS - GIS,https://gis.lansstyrelsen.se/webbgis/regionala-webbgis/,2022-10-03,gis.lansstyrelsen.se/webbgis/regionala-webbgis
Bookmarks bar/Helios,Länsstyrelsen,https://www.lansstyrelsen.se/,2022-09-13,lansstyrelsen.se
Bookmarks bar/Helios,EPSG.io: Coordinate Systems Worldwide,https://epsg.io/,2023-11-03,epsg.io
Bookmarks bar/Helios,Länsstyrelsernas Webbgis,https://ext-geoportal.lansstyrelsen.se/standard/,2022-09-30,ext-geoportal.lansstyrelsen.se/standard
Bookmarks bar/Helios,ERA Explorer,https://era-explorer.climate.copernicus.eu/?lat=50.86&lng=4.35&plot=0,2025-06-08,era-explorer.climate.copernicus.eu/?lat=50.86&lng=4.35&plot=0
Bookmarks bar/Helios,INCER ACV - Impacts environnementaux de la filière photovoltaïque & évaluation des incertitudes,https://viewer.webservice-energy.org/incer-acv/app/,2023-09-08,viewer.webservice-energy.org/incer-acv/app
Bookmarks bar/Helios,Cesium: The Platform for 3D Geospatial,https://cesium.com/,2022-10-04,cesium.com
Bookmarks bar/Helios,Scenario Viewer,https://scenarioviewer.nrel.gov/?mode=browse,2024-09-27,scenarioviewer.nrel.gov/?mode=browse
Bookmarks bar/Helios,Power BI,https://app.powerbi.com/discover/gallery/f132d3ab-d883-42cf-a50b-ce1bf75d659f?redirectedFromSignup=1,2022-09-19,app.powerbi.com/discover/gallery/f132d3ab-d883-42cf-a50b-ce1bf75d659f
Bookmarks bar/Helios,Skogens Kartor,https://kartor.skogsstyrelsen.se/kartor/,2022-10-20,kartor.skogsstyrelsen.se/kartor
Bookmarks bar/Helios,Mimer | Svenska kraftnät,https://mimer.svk.se/ProductionConsumption/ProductionIndex,2022-09-28,mimer.svk.se/productionconsumption/productionindex
Bookmarks bar/Helios,Öppna dataportalen | Lantmäteriet,https://opendata.lantmateriet.se/,2022-09-23,opendata.lantmateriet.se
Bookmarks bar/Helios,Karta med minimal lufttemperatur - Boverket,https://www.boverket.se/sv/byggande/regler-for-byggande/om-boverkets-konstruktionsregler-eks/sa-har-anvander-du-eks/karta-med-minimala-temperaturer/,2022-11-02,boverket.se/sv/byggande/regler-for-byggande/om-boverkets-konstruktionsregler-eks/sa-har-anvander-du-eks/karta-med-minimala-temperaturer
Bookmarks bar/Helios,NVDB på webb,https://nvdb2012.trafikverket.se/setransportnatverket,2022-09-13,nvdb2012.trafikverket.se/setransportnatverket
Bookmarks bar/Helios,STRÅNG,https://strang.smhi.se/,2022-11-03,strang.smhi.se
Bookmarks bar/Helios,Fornsök,https://app.raa.se/open/fornsok/,2022-09-15,app.raa.se/open/fornsok
Bookmarks bar/Helios,Ladda ner meteorologiska observationer | SMHI,"https://www.smhi.se/data/meteorologi/ladda-ner-meteorologiska-observationer#param=snowDepth,stations=core,stationid=83320",2022-09-19,smhi.se/data/meteorologi/ladda-ner-meteorologiska-observationer
Bookmarks bar/Helios,Ortofoto Nedladdning | Lantmäteriet,https://www.lantmateriet.se/sv/geodata/vara-produkter/produktlista/ortofoto-nedladdning/,2023-09-21,lantmateriet.se/sv/geodata/vara-produkter/produktlista/ortofoto-nedladdning
Bookmarks bar/Helios,Geodata - Lantmäteriet,https://www.geodata.se/geodataportalen/srv/swe/catalog.search;jsessionid=F5FC01F2F00CB87B99E8AA5F80362618#/search?resultType=swe-details&_schema=iso19139*&type=dataset%20or%20series&from=1&to=20,2022-09-28,geodata.se/geodataportalen/srv/swe/catalog.search;jsessionid=f5fc01f2f00cb87b99e8aa5f80362618#/search?resulttype=swe-details&_schema=iso19139*&type=dataset%20or%20series&from=1&to=20
Bookmarks bar/Helios,Tracker Map - Global Energy Monitor,https://globalenergymonitor.org/projects/global-solar-power-tracker/tracker-map/,2023-04-14,globalenergymonitor.org/projects/global-solar-power-tracker/tracker-map
Bookmarks bar/Helios,Wiki-Solar mapping of utility-scale solar projects for a specified continent or sub-continent,https://www.wiki-solar.org/map/continent/index.html?North_Eastern_Europe?0?u-uE,2023-01-26,wiki-solar.org/map/continent/index.html?north_eastern_europe?0?u-ue
Bookmarks bar/QGIS/Courses,Introduction to QGIS (Full Course Material),https://courses.spatialthoughts.com/introduction-to-qgis.html#attribute-forms,2023-08-28,courses.spatialthoughts.com/introduction-to-qgis
Bookmarks bar/QGIS/Courses,Advanced QGIS (Full Course Material),https://courses.spatialthoughts.com/advanced-qgis.html,2023-09-21,courses.spatialthoughts.com/advanced-qgis
Bookmarks bar/QGIS/Courses,Python Foundation for Spatial Analysis (Full Course Material),https://courses.spatialthoughts.com/python-foundation.html,2024-08-07,courses.spatialthoughts.com/python-foundation
Bookmarks bar/QGIS/Courses,Mapping and Data Visualization with Python (Full Course Material),https://courses.spatialthoughts.com/python-dataviz.html#,2024-08-07,courses.spatialthoughts.com/python-dataviz
Bookmarks bar/QGIS/Courses,PyQGIS Masterclass - Customizing QGIS with Python (Full Course Material),https://courses.spatialthoughts.com/pyqgis-masterclass.html,2024-08-07,courses.spatialthoughts.com/pyqgis-masterclass
Bookmarks bar/QGIS/Courses,QGIS Automation using Actions (Workshop Material),https://courses.spatialthoughts.com/qgis-actions.html,2024-07-15,courses.spatialthoughts.com/qgis-actions
Bookmarks bar/QGIS/Courses,Cloud-based Remote Sensing with Python (Full Course Material),https://courses.spatialthoughts.com/python-remote-sensing,2024-06-26,courses.spatialthoughts.com/python-remote-sensing
Bookmarks bar/QGIS/Courses,QGIS Automation using Actions (Workshop Material),https://courses.spatialthoughts.com/qgis-actions.html,2024-05-02,courses.spatialthoughts.com/qgis-actions
Bookmarks bar/QGIS/Courses,Mastering GDAL Tools (Full Course Material),https://courses.spatialthoughts.com/gdal-tools.html,2024-08-07,courses.spatialthoughts.com/gdal-tools
Bookmarks bar/QGIS/Courses,Creating Publication Quality Charts with GEE (Full Course),https://courses.spatialthoughts.com/gee-charts.html,2025-01-21,courses.spatialthoughts.com/gee-charts
Bookmarks bar/QGIS/Courses,mastering_gdal_tools.ipynb - Colaboratory,https://colab.research.google.com/github/spatialthoughts/courses/blob/master/code/gdal/mastering_gdal_tools.ipynb,2024-02-19,colab.research.google.com/github/spatialthoughts/courses/blob/master/code/gdal/mastering_gdal_tools.ipynb
Bookmarks bar/QGIS/Courses,#30DaysOfQGIS – Master QGIS in 30 Days – Spatial Thoughts,https://spatialthoughts.com/2024/05/13/30daysofqgis/,2024-08-06,spatialthoughts.com/2024/05/13/30daysofqgis
Bookmarks bar/QGIS/Courses,"Advanced QGIS Workshop – August 21- 29, 2023 (Online) – Spatial Thoughts",https://spatialthoughts.com/advanced-qgis-20230821/,2023-08-30,spatialthoughts.com/advanced-qgis-20230821
Bookmarks bar/QGIS/Courses,"Python Foundation for Spatial Analysis, 5-6 and 12-13 February 2024 (Online) – Spatial Thoughts",https://spatialthoughts.com/training/python_foundation_20240205/,2024-02-05,spatialthoughts.com/training/python_foundation_20240205
Bookmarks bar/QGIS/Courses,Mapping and Data Visualization with Python – 25 June – 3 July 2024 (Online) – Spatial Thoughts,https://spatialthoughts.com/training/python_dataviz_20240625/,2024-06-30,spatialthoughts.com/training/python_dataviz_20240625
Bookmarks bar/QGIS/Courses,PyQGIS Masterclass (April 2024) – Spatial Thoughts,https://spatialthoughts.com/pyqgis_masterclass_20240425/,2024-04-22,spatialthoughts.com/pyqgis_masterclass_20240425
Bookmarks bar/QGIS/Courses,Mastering GDAL Tools 19-27 February 2023 (Online) – Spatial Thoughts,https://spatialthoughts.com/training/gdal_tools_20240219/,2024-02-19,spatialthoughts.com/training/gdal_tools_20240219
Bookmarks bar/QGIS/Courses,K-Means Clustering with Equal Sized Clusters in QGIS – Spatial Thoughts,"https://spatialthoughts.com/2021/01/31/equal-sized-kmeans-qgis/#:~:text=K%2DMeans%20Clustering%20is%20a,group%20features%20into%20N%20clusters.",2023-01-24,spatialthoughts.com/2021/01/31/equal-sized-kmeans-qgis
Bookmarks bar/QGIS/Courses,OCWGIS: All courses | OCWGIS,https://courses.gisopencourseware.org/course/index.php?categoryid=2,2025-07-22,courses.gisopencourseware.org/course/index.php?categoryid=2
Bookmarks bar/QGIS/Laserdata,Geotorget,https://geotorget.lantmateriet.se/bestallning/mitt-konto/oversikt,2022-12-29,geotorget.lantmateriet.se/bestallning/mitt-konto/oversikt
Bookmarks bar/QGIS/Laserdata,Laserskanning för Nationell Höjdmodell (2009-2019),https://webgisportal.lantmateriet.se/portal/apps/webappviewer/index.html?id=9586ce671ffe49c1a76e96cfdf453baf,2022-12-29,webgisportal.lantmateriet.se/portal/apps/webappviewer/index.html?id=9586ce671ffe49c1a76e96cfdf453baf
Bookmarks bar/QGIS/Laserdata,"Skoglig laserskanning, produktionsstatus",https://webgisportal.lantmateriet.se/portal/apps/webappviewer/index.html?id=36d1e8bd49694da289e2ec7f774f531c,2022-12-29,webgisportal.lantmateriet.se/portal/apps/webappviewer/index.html?id=36d1e8bd49694da289e2ec7f774f531c
Bookmarks bar/QGIS/Laserdata,QGIS Plugins planet,https://plugins.qgis.org/planet/user/21/,2023-01-11,plugins.qgis.org/planet/user/21
Bookmarks bar/QGIS/Laserdata,FTP - Skogsstyrelsen,https://www.skogsstyrelsen.se/sjalvservice/karttjanster/geodatatjanster/ftp/,2022-12-29,skogsstyrelsen.se/sjalvservice/karttjanster/geodatatjanster/ftp
Bookmarks bar/QGIS/Laserdata,https://geodpags.skogsstyrelsen.se/geodataport/feeds/Lutning.xml,https://geodpags.skogsstyrelsen.se/geodataport/feeds/Lutning.xml,2022-12-29,geodpags.skogsstyrelsen.se/geodataport/feeds/lutning.xml
Bookmarks bar/QGIS/Laserdata,Qgis2threejs Plugin Document — Qgis2threejs Plugin 2.7 documentation,https://qgis2threejs.readthedocs.io/en/docs/,2023-01-25,qgis2threejs.readthedocs.io/en/docs
Bookmarks bar/QGIS,Home | OpenTopography,https://opentopography.org/,2025-07-06,opentopography.org
Bookmarks bar/QGIS,Introduction to GIS Programming — Introduction to GIS Programming,https://geog-312.gishub.org/,2025-03-11,geog-312.gishub.org
Bookmarks bar/QGIS,"Course: Creating data visualisations with graphs, maps and animations | OCWGIS",https://courses.gisopencourseware.org/course/view.php?id=51#section-0,2024-10-21,courses.gisopencourseware.org/course/view.php?id=51
Bookmarks bar/QGIS,Albedo Data and Surface Reflectance Data Visualizations in SNAP using MODIS Imagery - CUOSGwiki,https://dges.carleton.ca/CUOSGwiki/index.php/Albedo_Data_and_Surface_Reflectance_Data_Visualizations_in_SNAP_using_MODIS_Imagery,2024-02-15,dges.carleton.ca/cuosgwiki/index.php/albedo_data_and_surface_reflectance_data_visualizations_in_snap_using_modis_imagery
Bookmarks bar/QGIS,Geographical Data for Everyone | Centre for geographical information systems,https://www.gis.lu.se/gis-centre/geographical-data/geographical-data-everyone,2024-01-29,gis.lu.se/gis-centre/geographical-data/geographical-data-everyone
Bookmarks bar/QGIS,QGIS 3.2: Drive Down Lists aka Value Relation Widget - North River Geographic Systems Inc,https://www.northrivergeographic.com/qgis-3-2-drive-down-lists-aka-value-relation-widget/,2023-08-28,northrivergeographic.com/qgis-3-2-drive-down-lists-aka-value-relation-widget
Bookmarks bar/QGIS,Vindbrukskollen,https://vbk.lansstyrelsen.se/,2023-03-09,vbk.lansstyrelsen.se
Bookmarks bar/QGIS,QGIS Cloud - Aktiva_projekt_2022-12-07,https://qgiscloud.com/annaheassel/Aktiva_projekt_2022-12-07/?l=Alunda%2CArvidsbo%2CAspna%CC%88s%2CBalsby%2CBurunge%2CByringe%2CTv%C3%A4rred%20H%C3%B6gag%C3%A4rde%2CTjuse%2CFull%C3%B6sa%2CFunbo%2CGapungebyn%2CGr%C3%A5ska%20%2CGussar%C3%B6d%2CG%C3%B6ksholm%2CHultsfred%2CH%C3%B6getomt%2CKungs%C3%A5ra%2CMedinge%2CM%C3%B6rby%2CPerstorp%2CP%C3%A5lsboda%2CR%C3%B6gle%2CSegerhult%2CSegas%2CSjukarby%2CSk%C3%A5nes%20Fagerhult%2CSlite%2CStavby%2CTidaholm%2CVretstorp%2CVing%C3%A5ker%2CYgne&bl=mapnik&t=Aktiva_projekt_2022-12-07&e=0%2C0%2C0%2C0,2022-12-19,qgiscloud.com/annaheassel/aktiva_projekt_2022-12-07/?l=alunda%2carvidsbo%2caspna%cc%88s%2cbalsby%2cburunge%2cbyringe%2ctv%c3%a4rred%20h%c3%b6gag%c3%a4rde%2ctjuse%2cfull%c3%b6sa%2cfunbo%2cgapungebyn%2cgr%c3%a5ska%20%2cgussar%c3%b6d%2cg%c3%b6ksholm%2chultsfred%2ch%c3%b6getomt%2ckungs%c3%a5ra%2cmedinge%2cm%c3%b6rby%2cperstorp%2cp%c3%a5lsboda%2cr%c3%b6gle%2csegerhult%2csegas%2csjukarby%2csk%c3%a5nes%20fagerhult%2cslite%2cstavby%2ctidaholm%2cvretstorp%2cving%c3%a5ker%2cygne&bl=mapnik&e=0%2c0%2c0%2c0
Bookmarks bar/QGIS,Geosupportsystem – En blogg om Open Source GIS,https://geosupportsystem.se/,2024-09-13,geosupportsystem.se
Bookmarks bar/QGIS,Enhancing terrain cartography with natural shadows,https://landscapearchaeology.org/2019/qgis-shadows/,2024-04-05,landscapearchaeology.org/2019/qgis-shadows
Bookmarks bar/QGIS,1. Introduction — UMEP Manual documentation,https://umep-docs.readthedocs.io/en/latest/Introduction.html,2023-05-03,umep-docs.readthedocs.io/en/latest/introduction
Bookmarks bar/QGIS,Welcome to Geo-Python 2022!,https://geo-python-site.readthedocs.io/en/latest/,2023-01-16,geo-python-site.readthedocs.io/en/latest
Bookmarks bar/QGIS,Introduction to GIS Fundamentals - NYC DOT,https://training.datapolitan.com/qgis-training/Introduction_to_GIS_Fundamentals/#1,2023-01-16,training.datapolitan.com/qgis-training/introduction_to_gis_fundamentals
Bookmarks bar/QGIS,Qgis 101 | Geo-trainings,https://geo-trainings.com/home/home/course/qgis-101/9,2022-12-21,geo-trainings.com/home/home/course/qgis-101/9
Bookmarks bar/QGIS,Använda vår data i QGIS | Lantmäteriet,https://www.lantmateriet.se/sv/geotorget-produktstod/guider/anvanda-var-data-i-qgis/#anchor-0,2025-03-26,lantmateriet.se/sv/geotorget-produktstod/guider/anvanda-var-data-i-qgis
Bookmarks bar/QGIS,Welcome to the QGIS Python API documentation project,https://qgis.org/pyqgis/master/index.html#,2024-07-24,qgis.org/pyqgis/master
Bookmarks bar/QGIS,1.1. Foreword — QGIS Documentation documentation,https://docs.qgis.org/testing/en/docs/training_manual/foreword/foreword.html,2022-10-19,docs.qgis.org/testing/en/docs/training_manual/foreword/foreword
Bookmarks bar/QGIS,QGIS Tutorials and Tips — QGIS Tutorials and Tips,https://www.qgistutorials.com/en/,2022-10-03,qgistutorials.com/en
Bookmarks bar/QGIS,Spatial Thoughts OpenCourseWare,https://courses.spatialthoughts.com/index.html,2022-10-17,courses.spatialthoughts.com
Bookmarks bar/QGIS,Topografía de Drone en Sketchup - YouTube,https://www.youtube.com/watch?v=TCMNeb1B9BQ,2022-10-06,youtube.com/watch?v=tcmneb1b9bq
Bookmarks bar/QGIS,QGIS Network Analysis with Ujaval Gandhi - YouTube,https://www.youtube.com/watch?v=fL7udaJQEm8&ab_channel=Kartoza,2023-11-01,youtube.com/watch?v=fl7udajqem8
Bookmarks bar/QGIS,QGIS Python Programming Tutorial - PyQGIS,https://www.geodose.com/p/pyqgis.html,2022-10-19,geodose.com/p/pyqgis
Bookmarks bar/QGIS,Setup QGIS in Google Colab,https://lerryws.xyz/python/qgis/2020/06/12/qgis-in-google-colab.html,2024-08-06,lerryws.xyz/python/qgis/2020/06/12/qgis-in-google-colab
Bookmarks bar/QGIS,Aspect-Slope Maps in QGIS – King's Geocomputation,https://kingsgeocomputation.org/2016/03/16/aspect-slope-maps-in-qgis/,2023-02-07,kingsgeocomputation.org/2016/03/16/aspect-slope-maps-in-qgis
Bookmarks bar/QGIS,Open Courseware for GIS,https://courses.gisopencourseware.org/,2022-12-20,courses.gisopencourseware.org
Bookmarks bar/QGIS,Calculating Line Lengths and Statistics — QGIS Tutorials and Tips,https://www.qgistutorials.com/en/docs/calculating_line_lengths.html,2023-04-05,qgistutorials.com/en/docs/calculating_line_lengths
Bookmarks bar/QGIS,Geodata att använda i eget GIS - Skogsstyrelsen,https://www.skogsstyrelsen.se/sjalvservice/karttjanster/geodatatjanster/,2022-10-20,skogsstyrelsen.se/sjalvservice/karttjanster/geodatatjanster
Bookmarks bar/QGIS,Ladda ner geodata - Skogsstyrelsen,https://www.skogsstyrelsen.se/sjalvservice/karttjanster/geodatatjanster/nerladdning-av-geodata/,2022-10-21,skogsstyrelsen.se/sjalvservice/karttjanster/geodatatjanster/nerladdning-av-geodata
Bookmarks bar/QGIS,Drawing in QGIS with better accuracy than AutoCAD – GIS Crack,https://giscrack.com/drawing-qgis-better-accuracy-autocad/,2022-10-21,giscrack.com/drawing-qgis-better-accuracy-autocad
Bookmarks bar/QGIS,Documentation FeatureGridCreator QGIS plugin — FeatureGridCreator 1.0 documentation,https://rduivenvoorde.github.io/featuregridcreator/FeatureGridCreator/help/html/en/,2022-11-03,rduivenvoorde.github.io/featuregridcreator/featuregridcreator/help/html/en
Bookmarks bar/QGIS,Viewing Point Clouds - QGIS,"https://www.pointsnorthgis.ca/blog/viewing-point-clouds-qgis/#:~:text=laz%20file%20directly%20in%20QGIS,file%20you%20want%20to%20use.",2022-12-20,pointsnorthgis.ca/blog/viewing-point-clouds-qgis
Bookmarks bar/QGIS,raster - Converting .tif to XYZ in QGIS? - Geographic Information Systems Stack Exchange,https://gis.stackexchange.com/questions/217890/converting-tif-to-xyz-in-qgis,2022-12-07,gis.stackexchange.com/questions/217890/converting-tif-to-xyz-in-qgis
Bookmarks bar/QGIS,"LFV Drönarkartan (RPAS, UAS, UAV)",https://daim.lfv.se/echarts/dronechart/#,2022-12-13,daim.lfv.se/echarts/dronechart
Bookmarks bar/QGIS,GeoServer: Layer Preview,http://daim.lfv.se/geoserver/web/wicket/bookmarkable/org.geoserver.web.demo.MapPreviewPage?0,2022-12-29,daim.lfv.se/geoserver/web/wicket/bookmarkable/org.geoserver.web.demo.mappreviewpage?0
Bookmarks bar/QGIS,PyQGIS 101: Introduction to QGIS Python programming for non-programmers | Free and Open Source GIS Ramblings,https://anitagraser.com/pyqgis-101-introduction-to-qgis-python-programming-for-non-programmers/,2023-01-16,anitagraser.com/pyqgis-101-introduction-to-qgis-python-programming-for-non-programmers
Bookmarks bar/QGIS,How to Create Contour Lines in QGIS,https://www.geodose.com/2018/05/how-to-create-contour-lines-in-qgis.html,2022-12-21,geodose.com/2018/05/how-to-create-contour-lines-in-qgis
Bookmarks bar/QGIS,Splitting polygon into equal area polygons using QGIS - Geographic Information Systems Stack Exchange,https://gis.stackexchange.com/questions/321021/splitting-polygon-into-equal-area-polygons-using-qgis,2023-01-16,gis.stackexchange.com/questions/321021/splitting-polygon-into-equal-area-polygons-using-qgis
Bookmarks bar/QGIS,New Aspect-Slope Raster Function Now Available,https://www.esri.com/arcgis-blog/products/arcgis-pro/imagery/new-aspect-slope-raster-function-now-available/?rmedium=redirect&rsource=blogs.esri.com/esri/arcgis/2017/03/28/new-aspect-slope-raster-function-now-available,2023-02-06,esri.com/arcgis-blog/products/arcgis-pro/imagery/new-aspect-slope-raster-function-now-available/?rmedium=redirect&rsource=blogs.esri.com/esri/arcgis/2017/03/28/new-aspect-slope-raster-function-now-available
Bookmarks bar/GEE,Earth Engine,https://code.earthengine.google.com/,2025-01-21,code.earthengine.google.com
Bookmarks bar/GEE,Google Earth Engine Plugin for QGIS - QGIS Earth Engine Plugin,https://gee-community.github.io/qgis-earthengine-plugin/,2025-12-18,gee-community.github.io/qgis-earthengine-plugin
Bookmarks bar/GEE,GEE Courses,https://courses.geemap.org/,2025-04-29,courses.geemap.org
Bookmarks bar/GEE,End-to-End Google Earth Engine (Jan 2025) – Spatial Thoughts,https://spatialthoughts.com/training/end_to_end_gee_20250120/,2025-01-21,spatialthoughts.com/training/end_to_end_gee_20250120
Bookmarks bar/GEE,From Cloud to Desktop: Working with Earth Engine Data in QGIS (December 2025) – Spatial Thoughts,https://spatialthoughts.com/training/qgis_gee_workshop_20251217/,2025-12-16,spatialthoughts.com/training/qgis_gee_workshop_20251217
Bookmarks bar/GEE,Geographic Software Design — Geographic Software Design,https://geog-510.gishub.org/,2025-02-05,geog-510.gishub.org
Bookmarks bar/GEE,Cloud-based Remote Sensing with Python (Full Course),https://courses.spatialthoughts.com/python-remote-sensing.html#processing-time-series,2025-02-05,courses.spatialthoughts.com/python-remote-sensing
Bookmarks bar/GEE,csaybar/EEwPython: A series of Jupyter notebook to learn Google Earth Engine with Python,https://github.com/csaybar/EEwPython,2025-03-29,github.com/csaybar/eewpython
Bookmarks bar/GEE,awesome-gee-community-catalog - awesome-gee-community-catalog,https://gee-community-catalog.org/,2025-04-10,gee-community-catalog.org
Bookmarks bar/GEE,Cloud-Based Remote Sensing with Google Earth Engine,https://www.eefabook.org/,2025-01-27,eefabook.org
Bookmarks bar/GEE,Functional Programming Concepts  |  Google Earth Engine  |  Google for Developers,https://developers.google.com/earth-engine/tutorials/tutorial_js_03,2025-01-22,developers.google.com/earth-engine/tutorials/tutorial_js_03
Bookmarks bar/GEE,Creating Publication Quality Charts with GEE (Full Course),https://courses.spatialthoughts.com/gee-charts.html#box-plot-with-outliers-datatable,2025-02-05,courses.spatialthoughts.com/gee-charts
Bookmarks bar/GEE,End-to-End Google Earth Engine (Full Course),https://courses.spatialthoughts.com/end-to-end-gee.html#,2025-01-29,courses.spatialthoughts.com/end-to-end-gee
Bookmarks bar/GEE,Histogram Matching in Google Earth Engine – Spatial Thoughts,https://spatialthoughts.com/2020/07/14/histogram-matching-gee/,2025-01-29,spatialthoughts.com/2020/07/14/histogram-matching-gee
Bookmarks bar/GEE,Extracting Time Series using Google Earth Engine – Spatial Thoughts,https://spatialthoughts.com/2020/04/13/extracting-time-series-ee/,2025-01-29,spatialthoughts.com/2020/04/13/extracting-time-series-ee
Bookmarks bar/GEE,End-to-End Google Earth Engine (Jan 2025) – Spatial Thoughts,https://spatialthoughts.com/training/end_to_end_gee_20250120/,2025-01-29,spatialthoughts.com/training/end_to_end_gee_20250120
Bookmarks bar/GEE,Creating Publication Quality Charts with GEE (Full Course),https://courses.spatialthoughts.com/gee-charts.html#time-series-at-multiple-locations,2025-01-29,courses.spatialthoughts.com/gee-charts
Bookmarks bar/GEE,Tiling Large Exports in Google Earth Engine – Spatial Thoughts,https://spatialthoughts.com/2024/10/23/large-image-exports-gee/,2025-01-29,spatialthoughts.com/2024/10/23/large-image-exports-gee
Bookmarks bar/GEE,Coding Best Practices  |  Google Earth Engine  |  Google for Developers,https://developers.google.com/earth-engine/guides/best_practices#if_you_dont_need_to_clip_dont_use_clip,2025-01-29,developers.google.com/earth-engine/guides/best_practices
Bookmarks bar/GEE,Install Google Earth Engine Python API,https://courses.spatialthoughts.com/install-gee-python-api.html,2025-01-29,courses.spatialthoughts.com/install-gee-python-api
Bookmarks bar/GEE,Functional Programming Concepts  |  Google Earth Engine  |  Google for Developers,https://developers.google.com/earth-engine/tutorials/tutorial_js_03,2025-01-30,developers.google.com/earth-engine/tutorials/tutorial_js_03
Bookmarks bar/GEE,spatialthoughts/python-tutorials: Spatial Analysis and Remote Sensing with Python Tutorials,https://github.com/spatialthoughts/python-tutorials,2025-02-05,github.com/spatialthoughts/python-tutorials
Bookmarks bar/GEE,Mapping Building Density with Open Building Datasets – Spatial Thoughts,https://spatialthoughts.com/2023/09/16/building-density-gee/,2025-02-03,spatialthoughts.com/2023/09/16/building-density-gee
Bookmarks bar/GEE,Exploring the Global 30m Land Cover Change Dataset (1985-2022) GLC_FCS30D – Spatial Thoughts,https://spatialthoughts.com/2024/06/29/global-landcover-glcfcs30d/,2025-02-03,spatialthoughts.com/2024/06/29/global-landcover-glcfcs30d
Bookmarks bar/GEE,Creating Maps with Google Earth Engine and PyQGIS – Spatial Thoughts,https://spatialthoughts.com/2020/04/04/ndvi-time-series-gee-qgis/,2025-02-04,spatialthoughts.com/2020/04/04/ndvi-time-series-gee-qgis
Bookmarks bar/python,Welcome to Geo-Python 2024!,https://geo-python-site.readthedocs.io/en/latest/,2025-01-10,geo-python-site.readthedocs.io/en/latest
Bookmarks bar/python,Automating GIS Processes 2025,https://autogis-site.readthedocs.io/en/latest/index.html,2026-01-26,autogis-site.readthedocs.io/en/latest
Bookmarks bar/python,Cloud Native Remote Sensing with Python (Full Course),https://courses.spatialthoughts.com/python-remote-sensing.html,2026-04-21,courses.spatialthoughts.com/python-remote-sensing
Bookmarks bar/python,#PythonDatavizChallenge – Learn Mapping and Data Visualization with Python in 30 Days – Spatial Thoughts,https://spatialthoughts.com/2024/10/13/pythondatavizchallenge/#more-14148,2024-10-19,spatialthoughts.com/2024/10/13/pythondatavizchallenge
Bookmarks bar/python,spopt: Spatial Optimization — spopt v0.6.1 Manual,https://pysal.org/spopt/#,2025-06-08,pysal.org/spopt
Bookmarks bar/python,GitHub - ncsu-geoforall-lab/grass-gis-workshop-foss4g-2022: Unleash the power of GRASS GIS with Jupyter (FOSS4G 2022 workshop),https://github.com/ncsu-geoforall-lab/grass-gis-workshop-foss4g-2022,2024-02-29,github.com/ncsu-geoforall-lab/grass-gis-workshop-foss4g-2022
Bookmarks bar/python,Introduction to Python for Geographic Data Analysis,https://pythongis.org/index.html,2024-07-29,pythongis.org
Bookmarks bar/python,python-tutorials/geopandas_select_from_excel.ipynb at main · spatialthoughts/python-tutorials,https://github.com/spatialthoughts/python-tutorials/blob/main/geopandas_select_from_excel.ipynb,2024-02-20,github.com/spatialthoughts/python-tutorials/blob/main/geopandas_select_from_excel.ipynb
Bookmarks bar/python,Google Colab,https://colab.research.google.com/github/spatialthoughts/python-foundation-web/,2024-03-23,colab.research.google.com/github/spatialthoughts/python-foundation-web
Bookmarks bar/python,PVlib python,https://pvlib-python.readthedocs.io/en/v0.8.1/index.html,2022-10-19,pvlib-python.readthedocs.io/en/v0.8.1
Bookmarks bar/python,PyQGIS Developer Cookbook — QGIS Documentation documentation,https://docs.qgis.org/3.34/en/docs/pyqgis_developer_cookbook/index.html,2024-05-14,docs.qgis.org/3.34/en/docs/pyqgis_developer_cookbook
Bookmarks bar/python,Geospatial Python Tutorials,https://www.geopythontutorials.com/introduction.html,2025-03-03,geopythontutorials.com/introduction
Bookmarks bar/python,lonboard,https://developmentseed.org/lonboard/latest/#install,2024-10-21,developmentseed.org/lonboard/latest
Bookmarks bar/python,PyLaTeX,https://jeltef.github.io/PyLaTeX/current/index.html,2022-10-19,jeltef.github.io/pylatex/current
Bookmarks bar/python,GitHub - ghtmtt/DataPlotly: D3 like plots creation with plotly in QGIS,https://github.com/ghtmtt/DataPlotly,2024-10-21,github.com/ghtmtt/dataplotly
Bookmarks bar/python,"PyCafe(beta): Run, Edit and Share Python Apps in Your Browser with 1 click",https://py.cafe/,2024-07-03,py.cafe
Bookmarks bar/python,PyLaTeX — PyLaTeX 1.4.2 documentation,https://jeltef.github.io/PyLaTeX/current/index.html,2025-01-10,jeltef.github.io/pylatex/current
Bookmarks bar/PVmodelling/Grid,Grid2Op - LF Energy,https://lfenergy.org/projects/grid2op/,2025-09-05,lfenergy.org/projects/grid2op
Bookmarks bar/PVmodelling/Grid,Getting started — Grid2Op 1.12.0 documentation,https://grid2op.readthedocs.io/en/latest/quickstart.html,2025-09-05,grid2op.readthedocs.io/en/latest/quickstart
Bookmarks bar/PVmodelling/Grid,Getting Started - pandapower,https://www.pandapower.org/start/#interactive-tutorials-,2024-09-13,pandapower.org/start
Bookmarks bar/PVmodelling/Grid,About pandapower - pandapower,https://www.pandapower.org/about/,2024-09-13,pandapower.org/about
Bookmarks bar/PVmodelling/AutoCAD,Autodesk,https://accounts.autodesk.com/,2024-03-07,accounts.autodesk.com
Bookmarks bar/PVmodelling/AutoCAD,AutoCAD for Design and Drafting Professional Certification Prep - See where you stand | Autodesk,https://www.autodesk.com/learn/ondemand/course/autocad-design-drafting-cert-prep-2023/module/1ZZPgjFrurAn8gDgH58FyJ,2024-06-11,autodesk.com/learn/ondemand/course/autocad-design-drafting-cert-prep-2023/module/1zzpgjfruran8gdgh58fyj
Bookmarks bar/PVmodelling/AutoCAD,"AutoCAD – Viewports and Viewports Scaling, Annotative Objects - YouTube",https://www.youtube.com/watch?v=LU6wXBqfRUI&ab_channel=GraitecUK,2024-07-19,youtube.com/watch?v=lu6wxbqfrui
Bookmarks bar/PVmodelling/AutoCAD,AutoCAD Map 3D for Engineers - YouTube,https://www.youtube.com/watch?v=UZOJQLP3kMY&ab_channel=TimmonsGroup,2024-04-16,youtube.com/watch?v=uzojqlp3kmy
Bookmarks bar/PVmodelling/AutoCAD,"AutoCAD Tips, Tricks, & Delightful Drafting Techniques - YouTube",https://www.youtube.com/watch?v=p-qA3SlLDfA&list=PLSPiAg9yxCJHJIpADiwluvdG_0reZQTBS&index=4&ab_channel=TimmonsGroup,2024-06-12,youtube.com/watch?v=p-qa3slldfa
Bookmarks bar/PVmodelling/AutoCAD,Webinar: Introduction to Customizing in AutoCAD | AutoCAD LT 2018 - YouTube,https://www.youtube.com/watch?v=C8Yr29zQ_qE&list=PLXEyem_18syOEpO-jBqnZTvGLIE7K1rxV&index=6&ab_channel=AutoCAD,2024-07-19,youtube.com/watch?v=c8yr29zq_qe
Bookmarks bar/PVmodelling/AutoCAD,AutoCAD Map 3D 2022 Essential Training | LinkedIn Learning,https://www.linkedin.com/learning/autocad-map-3d-2022-essential-training,2024-07-19,linkedin.com/learning/autocad-map-3d-2022-essential-training
Bookmarks bar/PVmodelling/AutoCAD,AutoCAD Map 3D 2025 Help | Exercise 1: Drag and drop a source file | Autodesk,https://help.autodesk.com/view/MAP/2025/ENU/?guid=GUID-037ABE93-32F9-4112-A34D-77DFA7BEC43E,2024-07-18,help.autodesk.com/view/map/2025/enu/?guid=guid-037abe93-32f9-4112-a34d-77dfa7bec43e
Bookmarks bar/PVmodelling/AutoCAD,AEC with Python and QGIS | LinkedIn Learning,https://www.linkedin.com/learning/qgis-and-python-for-aec/aec-with-python-and-qgis,2024-07-21,linkedin.com/learning/qgis-and-python-for-aec/aec-with-python-and-qgis
Bookmarks bar/PVmodelling/AutoCAD,The CAD Geek - Empowering Design Professionals,https://thecadgeek.com/,2024-06-11,thecadgeek.com
Bookmarks bar/PVmodelling/AutoCAD,Fun With AutoCAD Map Full - YouTube,https://www.youtube.com/watch?v=R0QmsJCfPKI&ab_channel=IanRobinson,2024-12-17,youtube.com/watch?v=r0qmsjcfpki
Bookmarks bar/PVmodelling/Blender,Advanced Workflows with Blender GIS for Geospatial Professionals - Geoinfotech,https://geoinfotech.ng/geospatial-intelligence/advanced-workflows-with-blender-gis-for-geospatial-professionals/,2025-07-22,geoinfotech.ng/geospatial-intelligence/advanced-workflows-with-blender-gis-for-geospatial-professionals
Bookmarks bar/PVmodelling/Blender,Interpolate voids in DEM for catchment delineation in QGIS - YouTube,https://www.youtube.com/watch?app=desktop&v=FwJSBoTn1y4&ab_channel=HansvanderKwast,2025-07-11,youtube.com/watch?v=fwjsbotn1y4
Bookmarks bar/PVmodelling/Blender,QGIS Now Supports 3D Tiles – Cesium,https://cesium.com/blog/2023/11/07/qgis-now-supports-3d-tiles/,2025-07-22,cesium.com/blog/2023/11/07/qgis-now-supports-3d-tiles
Bookmarks bar/PVmodelling/Blender,ptabriz/Geospatial_studio_blender: This tutorial reviews basic steps to use Blender and GIS addon for importing and processing basic Geospatial data,https://github.com/ptabriz/Geospatial_studio_blender,2025-07-22,github.com/ptabriz/geospatial_studio_blender
Bookmarks bar/PVmodelling/Blender,"QGIS Expressions Masterclass (Full Workshop, Ad-Free) - YouTube",https://www.youtube.com/watch?app=desktop&v=x3i9qyFGgcQ&utm_source=substack&utm_medium=email&ab_channel=SpatialThoughts,2025-07-11,youtube.com/watch?v=x3i9qyfggcq
Bookmarks bar/PVmodelling/Blender,Introduction to GIS Programming - YouTube,https://www.youtube.com/playlist?app=desktop&list=PLAxJ4-o7ZoPfb18kNe2luWX9xKg1233i9,2025-07-11,youtube.com/playlist?list=plaxj4-o7zopfb18kne2luwx9xkg1233i9
Bookmarks bar/PVmodelling/Blender,Agrar-Photovoltaik Mit Animation 16 M,https://3d-models.shop/shop/produkt/solaranlagen/agrar-photovoltaik-mit-animation-16-m/,2025-07-15,3d-models.shop/shop/produkt/solaranlagen/agrar-photovoltaik-mit-animation-16-m
Bookmarks bar/PVmodelling/Blender,3D Tiles and Cesium Ion Plugin in QGIS - YouTube,https://www.youtube.com/watch?app=desktop&v=7ipjZ8_LCMk&list=PLeuKJkIxCDj3rWbecMQU9isdsPGHqlyl5&ab_channel=HansvanderKwast,2025-07-22,youtube.com/watch?v=7ipjz8_lcmk
Bookmarks bar/PVmodelling/Blender,pv_bundt_cake/pv_bundt_cake_analysis.ipynb at main · cvxgrp/pv_bundt_cake,https://github.com/cvxgrp/pv_bundt_cake/blob/main/pv_bundt_cake_analysis.ipynb,2025-07-11,github.com/cvxgrp/pv_bundt_cake/blob/main/pv_bundt_cake_analysis.ipynb
Bookmarks bar/PVmodelling/Blender,File:EarthsOrbit en.png - Wikimedia Commons,https://commons.m.wikimedia.org/wiki/File:EarthsOrbit_en.png#mw-jump-to-license,2025-07-11,commons.m.wikimedia.org/wiki/file:earthsorbit_en.png
Bookmarks bar/PVmodelling/Blender,Instructor-led training - Unreal Engine,https://www.unrealengine.com/en-US/training,2025-07-11,unrealengine.com/en-us/training
Bookmarks bar/PVmodelling/Blender,Realistic Solar Power Plant and Blender Motion Tracking,https://www.modlearth.com/blog/solar/,2025-07-11,modlearth.com/blog/solar
Bookmarks bar/PVmodelling/Blender,Paisaje y Energía en Blender - Los tutoriales completos,https://www.modlearth.com/blog/blender-er-01/,2025-07-11,modlearth.com/blog/blender-er-01
Bookmarks bar/PVmodelling/Blender,PowerPoint Presentation,https://iea-pvps.org/wp-content/uploads/2025/03/04_T.-Mueller_Quantifying-the-impact-of-dust-and-snow_Intersolar-2025.pdf,2025-07-11,iea-pvps.org/wp-content/uploads/2025/03/04_t.-mueller_quantifying-the-impact-of-dust-and-snow_intersolar-2025.pdf
Bookmarks bar/PVmodelling/Blender,Quantify snow losses with pvlib (Marion & Townsend models),https://pvradar.com/product/python-package/use-cases/quantify-snow,2025-07-11,pvradar.com/product/python-package/use-cases/quantify-snow
Bookmarks bar/PVmodelling/Blender,"AtlasGrid - til dig, der laver kortbladsopdelte atlas prints i QGIS - STYRKE 10",https://www.styrke10.dk/2025/05/08/atlasgrid-til-dig-der-laver-kortbladsopdelte-atlas-prints-i-qgis/,2025-07-11,styrke10.dk/2025/05/08/atlasgrid-til-dig-der-laver-kortbladsopdelte-atlas-prints-i-qgis
Bookmarks bar/PVmodelling/Blender,Georeferencing management · domlysz/BlenderGIS Wiki,https://github.com/domlysz/BlenderGIS/wiki/Georeferencing-management,2025-07-11,github.com/domlysz/blendergis/wiki/georeferencing-management
Bookmarks bar/PVmodelling/Blender,Blender GIS - introduction and complete workflow - YouTube,https://www.youtube.com/watch?v=u8Fg-u-VWUE&ab_channel=4DResearchLab,2025-07-11,youtube.com/watch?v=u8fg-u-vwue
Bookmarks bar/PVmodelling/Blender,How To Calculate Surface/Cut Volume QGIS - Advanced,"https://www.pointsnorthgis.ca/blog/how-to-calculate-surfacecut-volume-qgis-advanced/#:~:text=There%20you%20have%20it!,or%20send%20us%20an%20email.",2025-07-11,pointsnorthgis.ca/blog/how-to-calculate-surfacecut-volume-qgis-advanced
Bookmarks bar/PVmodelling/Blender,PowerPoint Presentation,https://digital-landscapes.com/wp-content/uploads/2023/04/Blender-Part-02-import-raster-data-with-BlenderGIS.pdf,2025-07-11,digital-landscapes.com/wp-content/uploads/2023/04/blender-part-02-import-raster-data-with-blendergis.pdf
Bookmarks bar/PVmodelling/Blender,Junta Tagusari / hrisk-with-noisemodelling · GitLab,https://gitlab.com/jtagusari/hrisk-noisemodelling,2025-07-22,gitlab.com/jtagusari/hrisk-noisemodelling
Bookmarks bar/PVmodelling/Blender,geodpags.skogsstyrelsen.se/geodataport/feeds/SLUMarkfuktighetKlassad.xml,https://geodpags.skogsstyrelsen.se/geodataport/feeds/SLUMarkfuktighetKlassad.xml,2025-07-22,geodpags.skogsstyrelsen.se/geodataport/feeds/slumarkfuktighetklassad.xml
Bookmarks bar/PVmodelling/Blender,Quietly plodding along... - by Bonny P McClain,https://bonnypmcclain.substack.com/p/quietly-plodding-along,2025-07-24,bonnypmcclain.substack.com/p/quietly-plodding-along
Bookmarks bar/PVmodelling/Blender,Using Blender for Geospatial Projects | More than Maps,https://docs.os.uk/more-than-maps/deep-dive/using-blender-for-geospatial-projects,2025-07-11,docs.os.uk/more-than-maps/deep-dive/using-blender-for-geospatial-projects
Bookmarks bar/PVmodelling/Grass,Get started with GRASS & Python in Jupyter Notebooks,https://grass-tutorials.osgeo.org/content/tutorials/get_started/fast_track_grass_and_python.html,2025-03-30,grass-tutorials.osgeo.org/content/tutorials/get_started/fast_track_grass_and_python
Bookmarks bar/PVmodelling/Grass,project_marcohernandez.ipynb - Colaboratory,https://colab.research.google.com/github/hvmarco/PV-feasibility/blob/main/project_marcohernandez.ipynb#scrollTo=9cybExUWaWY4,2024-04-11,colab.research.google.com/github/hvmarco/pv-feasibility/blob/main/project_marcohernandez.ipynb
Bookmarks bar/PVmodelling/Grass,Using QGIS from Conda – GIS Unchained,https://gisunchained.wordpress.com/2019/05/29/using-qgis-from-conda/,2024-05-03,gisunchained.wordpress.com/2019/05/29/using-qgis-from-conda
Bookmarks bar/PVmodelling/Grass,PIP dependencies for Python plugins · Issue #202 · qgis/QGIS-Enhancement-Proposals · GitHub,https://github.com/qgis/QGIS-Enhancement-Proposals/issues/202,2024-05-02,github.com/qgis/qgis-enhancement-proposals/issues/202
Bookmarks bar/PVmodelling/Grass,PV-feasibility/project_marcohernandez.ipynb at main · hvmarco/PV-feasibility,https://github.com/hvmarco/PV-feasibility/blob/main/project_marcohernandez.ipynb,2024-04-11,github.com/hvmarco/pv-feasibility/blob/main/project_marcohernandez.ipynb
Bookmarks bar/PVmodelling/Grass,API non-interactive service - European Commission,https://joint-research-centre.ec.europa.eu/photovoltaic-geographical-information-system-pvgis/getting-started-pvgis/api-non-interactive-service_en#ref-4-python-wrap-for-api-calls,2024-04-11,joint-research-centre.ec.europa.eu/photovoltaic-geographical-information-system-pvgis/getting-started-pvgis/api-non-interactive-service_en
Bookmarks bar/PVmodelling/Grass,PVPMC_SUPSI_2023/google-colab-introduction.ipynb at main · PV-Tutorials/PVPMC_SUPSI_2023,https://github.com/PV-Tutorials/PVPMC_SUPSI_2023/blob/main/google-colab-introduction.ipynb,2024-04-11,github.com/pv-tutorials/pvpmc_supsi_2023/blob/main/google-colab-introduction.ipynb
Bookmarks bar/PVmodelling/Grass,neteler/jupyter_sentinel2_grass_gis: Jupyter notebook: GRASS GIS 8 and processing of multitemporal EO data,https://github.com/neteler/jupyter_sentinel2_grass_gis?tab=readme-ov-file,2024-04-11,github.com/neteler/jupyter_sentinel2_grass_gis
Bookmarks bar/PVmodelling/Grass,Spatio-temporal data handling and visualization in GRASS GIS,https://ncsu-geoforall-lab.github.io/grass-temporal-workshop/,2024-04-11,ncsu-geoforall-lab.github.io/grass-temporal-workshop
Bookmarks bar/PVmodelling/Grass,grassgis4rs.ipynb - Colaboratory,https://colab.research.google.com/github/petrasovaa/foss4g2022_grass4rs/blob/main/grassgis4rs.ipynb#scrollTo=EHXg7cLk6yl7,2024-04-11,colab.research.google.com/github/petrasovaa/foss4g2022_grass4rs/blob/main/grassgis4rs.ipynb
Bookmarks bar/PVmodelling/Grass,Introduction to spatial data analysis.ipynb - Colaboratory,https://colab.research.google.com/drive/1UV6ytqSUHn-sIq-P3sxcFgXM3DE6euqh#scrollTo=7hTn7BdsDQrP,2024-04-11,colab.research.google.com/drive/1uv6ytqsuhn-siq-p3sxcfgxm3de6euqh
Bookmarks bar/PVmodelling/Grass,neteler/jupyter_sentinel2_grass_gis: Jupyter notebook: GRASS GIS 8 and processing of multitemporal EO data,https://github.com/neteler/jupyter_sentinel2_grass_gis,2024-04-11,github.com/neteler/jupyter_sentinel2_grass_gis
Bookmarks bar/PVmodelling/Grass,sentinel2_grass_gis_colab.ipynb - Colaboratory,https://colab.research.google.com/github/neteler/jupyter_sentinel2_grass_gis/blob/main/sentinel2_grass_gis_colab.ipynb#scrollTo=_fTO_da-8yu5,2024-04-11,colab.research.google.com/github/neteler/jupyter_sentinel2_grass_gis/blob/main/sentinel2_grass_gis_colab.ipynb
Bookmarks bar/PVmodelling/Grass,GRASS GIS Jupyter notebooks - GRASS-Wiki,https://grasswiki.osgeo.org/wiki/GRASS_GIS_Jupyter_notebooks,2024-04-11,grasswiki.osgeo.org/wiki/grass_gis_jupyter_notebooks
Bookmarks bar/PVmodelling/Grass,veroandreo/foss4g2022_grass4rs: Notebook for the GRASS GIS for remote sensing data processing and analysis workshop at FOSS4G 2022 in Florence,https://github.com/veroandreo/foss4g2022_grass4rs,2024-04-11,github.com/veroandreo/foss4g2022_grass4rs
Bookmarks bar/PVmodelling/Grass,python-foundation-web/12_working_with_geopandas.ipynb at master · spatialthoughts/python-foundation-web,https://github.com/spatialthoughts/python-foundation-web/blob/master/12_working_with_geopandas.ipynb,2024-04-11,github.com/spatialthoughts/python-foundation-web/blob/master/12_working_with_geopandas.ipynb
Bookmarks bar/PVmodelling/Grass,featuregridcreator/FeatureGridCreator/grid_creator.py at master · rduivenvoorde/featuregridcreator,https://github.com/rduivenvoorde/featuregridcreator/blob/master/FeatureGridCreator/grid_creator.py,2024-04-11,github.com/rduivenvoorde/featuregridcreator/blob/master/featuregridcreator/grid_creator.py
Bookmarks bar/PVmodelling/Grass,Managing Projections — GeoPandas 0.6.0 documentation,https://geopandas.org/en/v0.6.0/projections.html,2024-04-11,geopandas.org/en/v0.6.0/projections
Bookmarks bar/PVmodelling/Grass,Run PyQGIS in Jupyter Notebook · GitHub,https://gist.github.com/ThomasG77/223064813d8aefda5b3cdb05c2588fa1,2024-05-02,gist.github.com/thomasg77/223064813d8aefda5b3cdb05c2588fa1
Bookmarks bar/PVmodelling/Grass,Geospatial python tutorial - PyQGIS in Jupyter Notebook,https://lerryws.xyz/python/qgis/2019/08/01/PyQGIS-in-Jupyter-Notebook.html,2024-08-09,lerryws.xyz/python/qgis/2019/08/01/pyqgis-in-jupyter-notebook
Bookmarks bar/PVmodelling,pvlib python 01: Introduction - YouTube,https://www.youtube.com/watch?v=zKzhMQaNjDI&list=PLK7k_QaEmaHsPk_mwzneTE2VTNCpYBiky&ab_channel=SaschaBirk,2024-02-16,youtube.com/watch?v=zkzhmqanjdi
Bookmarks bar/PVmodelling,NatLabRockies/pysam: Python Wrapper for the System Advisor Model,https://github.com/NatLabRockies/pysam,2026-02-11,github.com/natlabrockies/pysam
Bookmarks bar/PVmodelling,Virtual Tutorial Series PART 1: Open-Source Tools & Open-Access Solar Data - YouTube,https://www.youtube.com/watch?v=80OPzafO2HQ&ab_channel=American-MadeProgram,2025-05-02,youtube.com/watch?v=80opzafo2hq
Bookmarks bar/PVmodelling,Virtual Tutorial Series PART 2: Open-Source Tools & Open-Access Solar Data - YouTube,https://www.youtube.com/watch?v=XKbqIlAEwOQ&ab_channel=American-MadeProgram,2025-05-02,youtube.com/watch?v=xkbqilaewoq
Bookmarks bar/PVmodelling,Virtual Tutorial Series PART 3: Open-Source Tools & Open-Access Solar Data - YouTube,https://www.youtube.com/watch?v=T4LJd894JsE&ab_channel=American-MadeProgram,2025-05-02,youtube.com/watch?v=t4ljd894jse
Bookmarks bar/PVmodelling,Solar Snow and Dust Loss Calculator (Townsend Model) · Streamlit,https://townsendsnowdustmodel.streamlit.app/,2026-04-04,townsendsnowdustmodel.streamlit.app
Bookmarks bar/PVmodelling,Index — pvlib tutorials,https://pv-tutorials.github.io/,2024-08-06,pv-tutorials.github.io
Bookmarks bar/PVmodelling,PVRADAR: Use-Cases and Example Notebooks,https://pvradar.com/product/python-package/use-cases,2025-06-23,pvradar.com/product/python-package/use-cases
Bookmarks bar/PVmodelling,Open Source Tools for PV Modeling — openpvtools documentation,https://openpvtools.readthedocs.io/en/latest/,2025-02-28,openpvtools.readthedocs.io/en/latest
Bookmarks bar/PVmodelling,PVCAPtest — pvcaptest v0.13.1 documentation,https://pvcaptest.readthedocs.io/en/stable/index.html,2024-09-15,pvcaptest.readthedocs.io/en/stable
Bookmarks bar/PVmodelling,PVAnalytics — PVAnalytics documentation,https://pvanalytics.readthedocs.io/en/stable/index.html,2024-07-04,pvanalytics.readthedocs.io/en/stable
Bookmarks bar/PVmodelling,Welcome to the Solar Data Tools Docs! — Solar Data Tools 1.7.0 documentation,https://solar-data-tools.readthedocs.io/en/main/index.html,2025-05-02,solar-data-tools.readthedocs.io/en/main
Bookmarks bar/PVmodelling,RdTools Overview — RdTools 0+untagged.518.g076ebff documentation,https://rdtools.readthedocs.io/en/stable/,2025-09-25,rdtools.readthedocs.io/en/stable
Bookmarks bar/PVmodelling,Degradation and soiling example — RdTools 3.0.0 documentation,https://rdtools.readthedocs.io/en/stable/examples/degradation_and_soiling_example.html,2025-03-19,rdtools.readthedocs.io/en/stable/examples/degradation_and_soiling_example
Bookmarks bar/PVmodelling,HyDesign Sizing P2X Example — hydesign 1.5.2 documentation,https://topfarm.pages.windenergy.dtu.dk/hydesign/notebooks/Simple_Sizing_P2X_Example.html,2025-06-08,topfarm.pages.windenergy.dtu.dk/hydesign/notebooks/simple_sizing_p2x_example
Bookmarks bar/PVmodelling,Welcome to pvdeg! — pvdeg 0.5.0 documentation,https://pvdegradationtools.readthedocs.io/en/stable/index.html,2025-03-19,pvdegradationtools.readthedocs.io/en/stable
Bookmarks bar/PVmodelling,PV-Tutorials/2025_pvlib_UNM: Training for UNM class,https://github.com/PV-Tutorials/2025_pvlib_UNM,2025-05-02,github.com/pv-tutorials/2025_pvlib_unm
Bookmarks bar/PVmodelling,OSS Webinar 2 Python Tutorial,https://pv-tutorials.github.io/2024_Analytics_Webinar/README.html,2025-05-02,pv-tutorials.github.io/2024_analytics_webinar/readme
Bookmarks bar/PVmodelling,OSS Webinar 3 Python Tutorial,https://pv-tutorials.github.io/2024_Modeling_Webinar/README.html,2025-05-02,pv-tutorials.github.io/2024_modeling_webinar/readme
Bookmarks bar/PVmodelling,AssessingSolar/AssessingSolar: Solar Resource Assessment in Python,https://github.com/AssessingSolar/AssessingSolar/tree/main,2025-03-15,github.com/assessingsolar/assessingsolar/tree/main
Bookmarks bar/PVmodelling,Project design > Shadings > Near Shadings: Import > PV Collada file format,https://www.pvsyst.com/help-pvsyst7/pv-collada-file-format.htm,2024-11-21,pvsyst.com/help-pvsyst7/pv-collada-file-format
Bookmarks bar/PVmodelling,Introduction — Solar Resource Assessment in Python,https://assessingsolar.org/intro.html,2024-07-06,assessingsolar.org/intro
Bookmarks bar/PVmodelling,NASA POWER | API Pages,https://power.larc.nasa.gov/api/pages/#/Data%20Requests/single_point_data_request_api_temporal_hourly_point_get,2025-05-14,power.larc.nasa.gov/api/pages/#/data%20requests/single_point_data_request_api_temporal_hourly_point_get
Bookmarks bar/PVmodelling,PV Free,https://pvfree.azurewebsites.net/cec_modules/,2025-05-02,pvfree.azurewebsites.net/cec_modules
Bookmarks bar/PVmodelling,SAM/deploy/libraries/CEC Modules.csv at develop · NREL/SAM,https://github.com/NREL/SAM/blob/develop/deploy/libraries/CEC%20Modules.csv,2025-05-03,github.com/nrel/sam/blob/develop/deploy/libraries/cec%20modules.csv
Bookmarks bar/PVmodelling,Solcast API Python SDK,https://solcast.github.io/solcast-api-python-sdk/,2025-03-15,solcast.github.io/solcast-api-python-sdk
Bookmarks bar/PVmodelling,GDAL — GDAL documentation,https://gdal.org/,2024-02-19,gdal.org
Bookmarks bar/PVmodelling,Will the sun shine on us?,https://neteler.org/blog/will-the-sun-shine-on-us/,2024-04-01,neteler.org/blog/will-the-sun-shine-on-us
Bookmarks bar/PVmodelling,pvlib python — pvlib python 0.10.3 documentation,https://pvlib-python.readthedocs.io/en/stable/index.html,2024-02-19,pvlib-python.readthedocs.io/en/stable
Bookmarks bar/PVmodelling,Storage — pvlib python 0.9.4.dev4+gbc2abfb documentation,https://pvlib-python--1378.org.readthedocs.build/en/1378/user_guide/storage.html,2024-07-04,pvlib-python--1378.org.readthedocs.build/en/1378/user_guide/storage
Bookmarks bar/PVmodelling,pvlib-python/pvlib/battery.py at storage · Peque/pvlib-python,https://github.com/Peque/pvlib-python/blob/storage/pvlib/battery.py,2024-07-07,github.com/peque/pvlib-python/blob/storage/pvlib/battery.py
Bookmarks bar/PVmodelling,pvlib.snow — pvlib python 0.11.0 documentation,https://pvlib-python.readthedocs.io/en/stable/_modules/pvlib/snow.html,2024-07-26,pvlib-python.readthedocs.io/en/stable/_modules/pvlib/snow
Bookmarks bar/PVmodelling,irr — numpy-financial documentation,https://numpy.org/numpy-financial/latest/irr.html#numpy_financial.irr,2024-02-19,numpy.org/numpy-financial/latest/irr
Bookmarks bar/PVmodelling,NASA POWER | Docs | Tutorials | API Getting Started - NASA POWER | Docs,https://power.larc.nasa.gov/docs/tutorials/api-getting-started/,2024-02-15,power.larc.nasa.gov/docs/tutorials/api-getting-started
Bookmarks bar/PVmodelling,MODIS Web,https://modis.gsfc.nasa.gov/data/dataprod/mod43.php,2024-02-15,modis.gsfc.nasa.gov/data/dataprod/mod43.php
Bookmarks bar/PVmodelling,Ladda ner meteorologiska observationer | SMHI,"https://www.smhi.se/data/meteorologi/ladda-ner-meteorologiska-observationer#param=airtemperatureInstant,stations=core",2024-02-16,smhi.se/data/meteorologi/ladda-ner-meteorologiska-observationer
Bookmarks bar/PVmodelling,Utforskaren - Öppna data | SMHI,https://www.smhi.se/data/utforskaren-oppna-data/yttackande-modell-for-solstralning-strang,2024-02-15,smhi.se/data/utforskaren-oppna-data/yttackande-modell-for-solstralning-strang
Bookmarks bar/PVmodelling,SMHI Open Data API Docs - Meteorological Analysis STRÅNG,https://opendata.smhi.se/apidocs/strang/#params,2024-02-15,opendata.smhi.se/apidocs/strang
Bookmarks bar/PVmodelling,Monte Carlo Simulation with Python - Practical Business Python,https://pbpython.com/monte-carlo.html,2024-02-15,pbpython.com/monte-carlo
Bookmarks bar/PVmodelling,Home — PyMC project website,https://www.pymc.io/welcome.html,2024-02-15,pymc.io/welcome
Bookmarks bar/PVmodelling,Surface albedo 10-daily gridded data from 1981 to present,https://cds.climate.copernicus.eu/cdsapp#!/dataset/satellite-albedo?tab=overview,2024-02-15,cds.climate.copernicus.eu/cdsapp#!/dataset/satellite-albedo
Bookmarks bar/PVmodelling,LP DAAC - MCD43C3,https://lpdaac.usgs.gov/products/mcd43c3v061/,2024-02-15,lpdaac.usgs.gov/products/mcd43c3v061
Bookmarks bar/PVmodelling,GitHub - hblyp/pcsrt,https://github.com/hblyp/pcsrt?tab=readme-ov-file,2024-02-28,github.com/hblyp/pcsrt
Bookmarks bar/PVmodelling,Spatio-temporal data handling and visualization in GRASS GIS,https://ncsu-geoforall-lab.github.io/grass-temporal-workshop/,2024-02-28,ncsu-geoforall-lab.github.io/grass-temporal-workshop
Bookmarks bar/PVmodelling,Ubuntu Manpage: r.sun - Solar irradiance and irradiation model.,https://manpages.ubuntu.com/manpages/noble/man1/r.sun.1grass.html,2024-02-28,manpages.ubuntu.com/manpages/noble/man1/r.sun.1grass
Bookmarks bar/PVmodelling,Solar Irradiance Transposition using PVLIB in R,https://renewable-analytics.netlify.app/2018/04/17/solar-irradiance-transposition-using-pvlib-in-r/,2024-04-01,renewable-analytics.netlify.app/2018/04/17/solar-irradiance-transposition-using-pvlib-in-r
Bookmarks bar/PVmodelling,PD: Earth/Sun,https://drajmarsh.bitbucket.io/earthsun.html,2024-06-07,drajmarsh.bitbucket.io/earthsun
Bookmarks bar/PVmodelling,"Tutorial 1 - Weather Data: Accesing it, understanding it, visualizing it! — PyData 2021: Solar PV Modeling",https://pv-tutorials.github.io/pyData-2021-Solar-PV-Modeling/Tutorial%201%20-%20TMY%20Weather%20Data.html,2024-07-04,pv-tutorials.github.io/pydata-2021-solar-pv-modeling/tutorial%201%20-%20tmy%20weather%20data
Bookmarks bar,Gmail,https://mail.google.com/,2018-07-11,mail.google.com
Bookmarks bar,Drive,https://drive.google.com/drive/u/0/my-drive,2016-02-04,drive.google.com/drive/u/0/my-drive
Bookmarks bar,llm-wiki,https://gist.github.com/karpathy/442a6bf555914893e9891c11519de94f,2026-08-24,gist.github.com/karpathy/442a6bf555914893e9891c11519de94f
Bookmarks bar,Handel och prissättning | Svenska kraftnät,https://www.svk.se/aktorsportalen/bidra-med-reserver/handel-prissattning/,2026-08-24,svk.se/aktorsportalen/bidra-med-reserver/handel-prissattning
Bookmarks bar,Transparency Platform,https://transparency.entsoe.eu/?appState=%7B%22sa%22%3A%5B%5D%2C%22st%22%3A%22BZN%22%2C%22mm%22%3Atrue%2C%22ma%22%3Afalse%2C%22sp%22%3A%22CLOSED%22%2C%22dt%22%3Anull%2C%22df%22%3Anull%2C%22tz%22%3A%22CET%22%7D,2026-05-12,transparency.entsoe.eu/?appstate=%7b%22sa%22%3a%5b%5d%2c%22st%22%3a%22bzn%22%2c%22mm%22%3atrue%2c%22ma%22%3afalse%2c%22sp%22%3a%22closed%22%2c%22dt%22%3anull%2c%22df%22%3anull%2c%22tz%22%3a%22cet%22%7d
Bookmarks bar,Jalal Kazempour - MSc: Renewables in Electricity Markets,https://www.jalalkazempour.com/teaching/msc-renewables-in-electricity-markets,2025-12-15,jalalkazempour.com/teaching/msc-renewables-in-electricity-markets
Bookmarks bar,"Decision-making under Uncertainty (Spring 2026), Technical University of Denmark (DTU) - YouTube",https://www.youtube.com/playlist?app=desktop&list=PLwngpBwa_6_IGlQ3v00Qm1YZXfODHpJHf,2026-06-03,youtube.com/playlist?list=plwngpbwa_6_iglq3v00qm1yzxfodhpjhf
Bookmarks bar,1. Overview of SAM Capabilities – Energy Transition Academy,https://www.energytransitionacademy.net/learn/system-advisor-model-sam/lessons/1-overview-of-sam-capabilities/,2026-03-09,energytransitionacademy.net/learn/system-advisor-model-sam/lessons/1-overview-of-sam-capabilities
Bookmarks bar,Hands-On Linear Programming: Optimization With Python – Real Python,https://realpython.com/linear-programming-python/,2022-11-01,realpython.com/linear-programming-python
Bookmarks bar,GitHub - pvlib/pvcollada: Working files for the PVCollada specification,https://github.com/pvlib/pvcollada,2025-08-28,github.com/pvlib/pvcollada
Bookmarks bar,NoiseModelling in QGIS - YouTube,https://www.youtube.com/watch?v=BUOT0zVAu3Q&t=1s&ab_channel=JuntaTagusari,2025-09-16,youtube.com/watch?v=buot0zvau3q
Bookmarks bar,Virtual Tutorial Series PART 2: Open-Source Tools & Open-Access Solar Data - YouTube,https://www.youtube.com/watch?v=XKbqIlAEwOQ&ab_channel=American-MadeProgram,2025-09-02,youtube.com/watch?v=xkbqilaewoq
Bookmarks bar,PVCollada | pvcollada,https://pvlib.github.io/pvcollada/,2025-08-28,pvlib.github.io/pvcollada
Bookmarks bar,dBmap.net Noise Mapping Tool,https://noisetools.net/dbmap/,2025-08-15,noisetools.net/dbmap
Bookmarks bar,QGIS Expressions Masterclass (Workshop Material),https://courses.spatialthoughts.com/qgis-expressions.html,2025-07-25,courses.spatialthoughts.com/qgis-expressions
Bookmarks bar,Automating GIS Workflows with QGIS (Full Workshop),https://courses.spatialthoughts.com/automating-gis-workflows.html,2025-07-25,courses.spatialthoughts.com/automating-gis-workflows
Bookmarks bar,"QGIS Expressions Masterclass (Full Workshop, Ad-Free) - YouTube",https://www.youtube.com/watch?v=x3i9qyFGgcQ,2025-06-23,youtube.com/watch?v=x3i9qyfggcq
Bookmarks bar,QGIS User 0010 - Geometry Generator - YouTube,https://www.youtube.com/watch?v=0YxjJ-9zIJ0&ab_channel=KlasKarlsson,2025-08-28,youtube.com/watch?v=0yxjj-9zij0
Bookmarks bar,Introduction to GIS Programming — Introduction to GIS Programming,https://geog-312.gishub.org/,2025-07-11,geog-312.gishub.org
Bookmarks bar,Introduction to GIS Programming — Introduction to GIS Programming,https://gispro.gishub.org/index.html,2025-07-24,gispro.gishub.org
Bookmarks bar,GitHub - Grid2op/grid2op: Grid2Op a testbed platform to model sequential decision making in power systems.,https://github.com/Grid2op/grid2op?tab=readme-ov-file,2025-09-05,github.com/grid2op/grid2op
Bookmarks bar,Waterfall Charts in Python - GeeksforGeeks,https://www.geeksforgeeks.org/waterfall-charts-in-python/,2025-03-12,geeksforgeeks.org/waterfall-charts-in-python
Bookmarks bar,"Economic evaluation of one-axis, vertical, and elevated agrivoltaic systems across Europe: a Monte Carlo Analysis - ScienceDirect",https://www-sciencedirect-com.www.bibproxy.du.se/science/article/pii/S0306261925005562?via%3Dihub#s0080,2025-04-25,www-sciencedirect-com.www.bibproxy.du.se/science/article/pii/s0306261925005562?via%3dihub
Bookmarks bar,Modeling Incentives in SAM - YouTube,https://www.youtube.com/watch?v=AbJrgekiXv8&ab_channel=SystemAdvisorModel,2024-12-12,youtube.com/watch?v=abjrgekixv8
Bookmarks bar,System Advisor Model (SAM) – Energy Transition Academy,https://www.energytransitionacademy.net/learn/system-advisor-model-sam/,2025-01-16,energytransitionacademy.net/learn/system-advisor-model-sam
Bookmarks bar,Taylor diagram - Wikipedia,https://en.wikipedia.org/wiki/Taylor_diagram,2025-05-13,en.wikipedia.org/wiki/taylor_diagram
Bookmarks bar,Translate,http://translate.google.com/,2016-01-27,translate.google.com
Bookmarks bar,Väder i QGIS? – Geosupportsystem,https://geosupportsystem.se/2017/08/10/vader-i-qgis/,2025-06-11,geosupportsystem.se/2017/08/10/vader-i-qgis
Bookmarks bar,WhatsApp,https://web.whatsapp.com/,2021-08-11,web.whatsapp.com
Bookmarks bar,Get a Master’s degree in Sustainable Energy - Systems,https://www.dtu.dk/english/education/graduate/msc-programmes/sustainable-energy-systems,2025-06-10,dtu.dk/english/education/graduate/msc-programmes/sustainable-energy-systems
Bookmarks bar,Optimization - YouTube,https://www.youtube.com/playlist?list=PLj6pNSgoumyfNUw0T_dOv5g6QzDf6tHmq,2024-12-09,youtube.com/playlist?list=plj6pnsgoumyfnuw0t_dov5g6qzdf6thmq
Bookmarks bar,Algorithms for Optimization,https://algorithmsbook.com/optimization/#,2024-12-08,algorithmsbook.com/optimization
Bookmarks bar,03.11-Working-with-Time-Series.ipynb - Colab,https://colab.research.google.com/github/jakevdp/PythonDataScienceHandbook/blob/master/notebooks/03.11-Working-with-Time-Series.ipynb#scrollTo=kHVoq9_rf_AI,2024-11-10,colab.research.google.com/github/jakevdp/pythondatasciencehandbook/blob/master/notebooks/03.11-working-with-time-series.ipynb
Bookmarks bar,"Time Series Forecasting with ARIMA , SARIMA and SARIMAX | by Brendan Artley | Towards Data Science",https://towardsdatascience.com/time-series-forecasting-with-arima-sarima-and-sarimax-ee61099e78f6,2024-11-01,towardsdatascience.com/time-series-forecasting-with-arima-sarima-and-sarimax-ee61099e78f6
Bookmarks bar,Technical Guide for Estimating Building Rooftop Solar Potential in a City,https://bookdown.org/einavg7/sp_technical_guide/#introduction,2024-10-21,bookdown.org/einavg7/sp_technical_guide
Bookmarks bar,PythonDataScienceHandbook/notebooks at master · jakevdp/PythonDataScienceHandbook,https://github.com/jakevdp/PythonDataScienceHandbook/tree/master/notebooks,2024-11-09,github.com/jakevdp/pythondatasciencehandbook/tree/master/notebooks
Bookmarks bar,"Create An Invoice Generator Using Python, Jinja2 & Weasyprint | by M. Hammad Hassan | Medium",https://medium.com/@hammad.ai/create-an-invoice-generator-using-python-jinja2-weasyprint-48ef1f450ac5,2024-11-09,medium.com/@hammad.ai/create-an-invoice-generator-using-python-jinja2-weasyprint-48ef1f450ac5
Bookmarks bar,Unlocking the Power of WeasyPrint: Generating Dynamic PDF Reports with,https://rios.hashnode.dev/unlocking-the-power-of-weasyprint-generating-dynamic-pdf-reports-with-python,2024-10-21,rios.hashnode.dev/unlocking-the-power-of-weasyprint-generating-dynamic-pdf-reports-with-python
Bookmarks bar,Cartographic Visualization in GIS 2024,https://cartogis.readthedocs.io/en/latest/index.html,2024-10-29,cartogis.readthedocs.io/en/latest
Bookmarks bar,QGIS User 0027 - Styling Contour Lines - YouTube,https://www.youtube.com/watch?v=-xzoVF7Z7u0&ab_channel=KlasKarlsson,2024-10-15,youtube.com/watch?v=-xzovf7z7u0
Bookmarks bar,QGIS Expressions: Hidden Gems and Unexpected Possibilities - YouTube,https://www.youtube.com/watch?app=desktop&v=4Rtwqv_z-F4&feature=youtu.be&ab_channel=SpatialThoughts,2024-09-10,youtube.com/watch?v=4rtwqv_z-f4
Bookmarks bar,QGIS Network Analysis with Ujaval Gandhi - YouTube,https://www.youtube.com/watch?v=fL7udaJQEm8&ab_channel=Kartoza,2024-09-13,youtube.com/watch?v=fl7udajqem8
Bookmarks bar,Making Interactive Reveal Maps (QGIS3) — QGIS Tutorials and Tips,https://www.qgistutorials.com/en/docs/3/interactive_reveal_maps.html,2024-09-11,qgistutorials.com/en/docs/3/interactive_reveal_maps
Bookmarks bar,Cloud Native Geospatial Workflows with QGIS (Full workshop),https://courses.spatialthoughts.com/qgis-cloud-native-geospatial.html#,2024-09-11,courses.spatialthoughts.com/qgis-cloud-native-geospatial
Bookmarks bar,Multiple Seasonal-Trend decomposition using LOESS (MSTL) - statsmodels 0.15.0 (+331),https://www.statsmodels.org/dev/examples/notebooks/generated/mstl_decomposition.html,2024-08-23,statsmodels.org/dev/examples/notebooks/generated/mstl_decomposition
Bookmarks bar,Making Interactive Canvas Maps (QGIS3) — QGIS Tutorials and Tips,https://www.qgistutorials.com/en/docs/3/interactive_canvas_maps.html,2024-08-21,qgistutorials.com/en/docs/3/interactive_canvas_maps
Bookmarks bar,Running Processing Algorithms via Python (QGIS3) — QGIS Tutorials and Tips,https://www.qgistutorials.com/en/docs/3/processing_algorithms_pyqgis.html,2024-07-25,qgistutorials.com/en/docs/3/processing_algorithms_pyqgis
Bookmarks bar,SAM's Merchant Plant with Cambium API Integration - YouTube,https://www.youtube.com/watch?v=Wmjlzge8kG4&t=249s&ab_channel=SystemAdvisorModel,2024-07-05,youtube.com/watch?v=wmjlzge8kg4
Bookmarks bar,FAQ,https://developers.nordpoolgroup.com/reference/data-faq#--how-do-i-get-started-with-the-day-ahead-market-data-apis,2024-07-19,developers.nordpoolgroup.com/reference/data-faq
Bookmarks bar,Mate Tee online kaufen ➤ Yerba Mate ➤ Genuss-Erlebnis | Mate-Tee.de,https://www.mate-tee.de/,2024-07-18,mate-tee.de
Bookmarks bar,Battery Videos - System Advisor Model - SAM.,https://sam.nrel.gov/battery-storage/battery-videos.html,2024-07-04,sam.nrel.gov/battery-storage/battery-videos
Bookmarks bar,Mapping and Data Visualization with Python – 25 June – 3 July 2024 (Online) – Spatial Thoughts,https://spatialthoughts.com/training/python_dataviz_20240625/,2024-06-25,spatialthoughts.com/training/python_dataviz_20240625
Bookmarks bar,GIS Applications in Urban and Regional Planning – Spatial Thoughts,https://spatialthoughts.com/2021/03/15/gis-in-urban-and-regional-planning/,2024-06-25,spatialthoughts.com/2021/03/15/gis-in-urban-and-regional-planning
Bookmarks bar,hvmarco's apps · Streamlit,https://share.streamlit.io/,2024-07-03,share.streamlit.io
Bookmarks bar,Build your book,https://jupyterbook.org/en/stable/start/build.html,2024-05-18,jupyterbook.org/en/stable/start/build
Bookmarks bar,Styling Contours in 3D (QGIS3) — QGIS Tutorials and Tips,https://www.qgistutorials.com/en/docs/3/contour_3d_styling.html,2024-06-07,qgistutorials.com/en/docs/3/contour_3d_styling
Bookmarks bar,QGIS User 0050 - Charts and Diagrams - YouTube,https://www.youtube.com/watch?v=UO3pQa4reWI,2024-05-07,youtube.com/watch?v=uo3pqa4rewi
Bookmarks bar,Running QGIS Processing Tools on the Command Line with qgis_process – Spatial Thoughts,https://spatialthoughts.com/2022/07/30/qgis_process_command_line/,2024-04-24,spatialthoughts.com/2022/07/30/qgis_process_command_line
Bookmarks bar,Project design > Grid-connected system definition > Multi-MPPT inverters > Multi-MPPT : more examples,https://www.pvsyst.com/help/multi-mppt_more-examples.htm,2024-02-26,pvsyst.com/help/multi-mppt_more-examples
Bookmarks bar,QGIS Tutorials and Tips — QGIS Tutorials and Tips,https://www.qgistutorials.com/en/index.html,2024-01-24,qgistutorials.com/en
Bookmarks bar,Profitable Nightshift for Inverters - Sunny. SMA Corporate Blog,https://www.sma-sunny.com/en/profitable-nightshift-for-inverters/,2024-03-13,sma-sunny.com/en/profitable-nightshift-for-inverters
Bookmarks bar,Warum Blindleistung wichtig und richtig ist - und mit SMA Technik kein Problem | SMA Solar,https://www.sma.de/partner/expertenwissen/sma-verschiebt-die-phase,2023-11-24,sma.de/partner/expertenwissen/sma-verschiebt-die-phase
Bookmarks bar,Bad Power Factor? - A reason to oversize your inverter - Sunny. SMA Corporate Blog,https://www.sma-sunny.com/en/bad-power-factor-a-reason-to-oversize-your-inverter/,2022-03-11,sma-sunny.com/en/bad-power-factor-a-reason-to-oversize-your-inverter
Bookmarks bar,QGIS User 0036 - QGIS and Blender - YouTube,https://www.youtube.com/watch?v=AJJNX243k9E&ab_channel=KlasKarlsson,2023-07-12,youtube.com/watch?v=ajjnx243k9e
Bookmarks bar,Bifacial_Radiance Software Training – Part 1 - YouTube,https://www.youtube.com/watch?v=1X9L-R-RVGA,2020-08-19,youtube.com/watch?v=1x9l-r-rvga
Bookmarks bar,Distributed vs Virtual Central String Inverter System Architecture (Recorded Webinar SPW 11-22-2018) - YouTube,https://www.youtube.com/watch?v=3dioOl_Qf_A&ab_channel=ChintPowerSystems,2023-11-28,youtube.com/watch?v=3diool_qf_a
Bookmarks bar,How to Inspect a Solar Farm with a Drone - DJI Matrice XT2 - YouTube,https://www.youtube.com/watch?v=AVwUHnZplVI&ab_channel=TheDroneLife,2023-08-17,youtube.com/watch?v=avwuhnzplvi
Bookmarks bar,DEM — NoiseModelling 4.0.4 documentation,https://noisemodelling.readthedocs.io/en/latest/Input_dem.html,2023-04-26,noisemodelling.readthedocs.io/en/latest/input_dem
Bookmarks bar,FIELDimageR - OpenDroneMap,https://www.opendronemap.org/fieldimager/,2023-02-28,opendronemap.org/fieldimager
Bookmarks bar,PVMAPS,https://joint-research-centre.ec.europa.eu/pvgis-photovoltaic-geographical-information-system/pvgis-data-download/pvmaps_en,2022-10-26,joint-research-centre.ec.europa.eu/pvgis-photovoltaic-geographical-information-system/pvgis-data-download/pvmaps_en
Bookmarks bar,Energy-Charts,https://www.energy-charts.info/charts/price_spot_market/chart.htm?l=en&c=SE&stacking=stacked_absolute_area,2022-09-14,energy-charts.info/charts/price_spot_market/chart.htm?l=en&c=se&stacking=stacked_absolute_area
Bookmarks bar,UL White Paper: Getting More Reliability in PV Installations,https://www.solarpowerworldonline.com/2014/07/ul-white-paper-getting-reliability-pv-installations/,2022-06-30,solarpowerworldonline.com/2014/07/ul-white-paper-getting-reliability-pv-installations
Bookmarks bar,"DIY Solar Wiring Diagrams for Campers, Vans & RVs – EXPLORIST.life",https://www.explorist.life/solarwiringdiagrams/,2022-04-12,explorist.life/solarwiringdiagrams
Bookmarks bar,bifacial_radiance,https://bifacial-radiance.readthedocs.io/en/latest/#,2020-11-03,bifacial-radiance.readthedocs.io/en/latest
Bookmarks bar,ZoteroBib,https://zbib.org/,2020-12-01,zbib.org
Bookmarks bar,RPi grow,https://iot.app.initialstate.com/#/tiles/bkt_7umy1jya518vk,2019-07-19,iot.app.initialstate.com/#/tiles/bkt_7umy1jya518vk
Bookmarks bar,bifacial_radiance/1 - Introductory Example - Fixed Tilt simple setup.ipynb at master · NREL/bifacial_radiance,https://github.com/NREL/bifacial_radiance/blob/master/docs/tutorials/1%20-%20Introductory%20Example%20-%20Fixed%20Tilt%20simple%20setup.ipynb,2020-08-19,github.com/nrel/bifacial_radiance/blob/master/docs/tutorials/1%20-%20introductory%20example%20-%20fixed%20tilt%20simple%20setup.ipynb
Bookmarks bar,Overleaf,https://www.overleaf.com/dash,2016-07-28,overleaf.com/dash
Bookmarks bar,Dropbox,https://www.dropbox.com/,2016-01-27,dropbox.com
Bookmarks bar,Box,https://www.box.com/,2016-01-27,box.com
Bookmarks bar,hvmarco - Twitch,https://www.twitch.tv/hvmarco,2019-12-17,twitch.tv/hvmarco
Bookmarks bar,GMB,https://gmb.io/pac/,2018-03-26,gmb.io/pac
